REF_AREA,TIME_PERIOD,hh_growth,mort_rate,nfc_growth,nfc_rate
AT,2019-01,3.732104596005237,1.77,9.973977242942269,1.36
AT,2019-02,3.7371177848960713,1.75,9.62992625951422,1.44
AT,2019-03,4.019926214893776,1.77,9.435062133807117,1.42
AT,2019-04,3.9795563759538632,1.71,10.085898668370042,1.41
AT,2019-05,3.6898868422568176,1.7,10.11174463373472,1.36
AT,2019-06,4.469536283531017,1.67,9.955296025846415,1.44
AT,2019-07,4.374051452463412,1.66,9.013917961398588,1.48
AT,2019-08,4.34134702833997,1.6,8.462757428013656,1.41
AT,2019-09,4.31880221001979,1.53,8.556670408300082,1.34
AT,2019-10,4.344236046636829,1.43,7.728186552553562,1.34
AT,2019-11,4.228648205938446,1.4,7.721812983076548,1.27
AT,2019-12,4.264799356717752,1.42,6.967549370921899,1.39
AT,2020-01,4.356299591057233,1.39,6.312141106336067,1.28
AT,2020-02,4.350026339285473,1.38,6.187803905044498,1.31
AT,2020-03,4.383829396254124,1.4,7.778349055926448,1.41
AT,2020-04,3.989509508650424,1.35,8.146720317110479,1.43
AT,2020-05,3.851277910161044,1.32,7.29955762502108,1.3
AT,2020-06,4.004358824558119,1.4,6.846130329393074,1.45
AT,2020-07,4.087569076792996,1.32,6.304592211942772,1.41
AT,2020-08,4.571306123858232,1.28,6.396411960219961,1.42
AT,2020-09,4.423623022198386,1.28,5.832814385735863,1.33
AT,2020-10,4.595100602889901,1.25,5.753999675408439,1.42
AT,2020-11,4.812105743089545,1.25,5.38533396129437,1.49
AT,2020-12,4.463433909906955,1.26,4.997306408352542,1.45
AT,2021-01,4.48793180834941,1.22,5.196831503877486,1.52
AT,2021-02,4.5652607757926456,1.17,5.72544826010406,1.35
AT,2021-03,4.929881461219687,1.18,6.3746461861482695,1.08
AT,2021-04,5.478844259984639,1.19,4.817807284955111,1.46
AT,2021-05,5.914562090321707,1.2,4.916650434213543,1.46
AT,2021-06,5.7260553524726365,1.21,3.9480416412748687,1.36
AT,2021-07,5.696384665735454,1.19,4.443947027911954,1.48
AT,2021-08,5.585070016354532,1.19,4.20678046613483,1.48
AT,2021-09,5.69505716799279,1.21,4.842286659628114,1.47
AT,2021-10,5.671966905713721,1.19,5.3336338987186815,1.35
AT,2021-11,5.744870511421873,1.21,5.548486008683029,1.29
AT,2021-12,5.874229996623348,1.22,8.511265772481448,1.03
AT,2022-01,5.95526985542989,1.17,7.979162328654543,1.44
AT,2022-02,6.02082045130321,1.19,7.860581833011393,1.31
AT,2022-03,5.904511883022279,1.24,6.00790505811708,1.4
AT,2022-04,5.963481948065352,1.33,7.008983615618791,1.46
AT,2022-05,5.962264447897869,1.47,6.963316586768187,1.44
AT,2022-06,5.964760983633766,1.65,8.808570529294268,1.4
AT,2022-07,5.78897430280152,1.83,9.635204044906963,1.52
AT,2022-08,5.497684045856155,2.0,10.861172842301748,1.66
AT,2022-09,4.945556547011387,2.17,10.818488783769698,2.06
AT,2022-10,4.623642785969562,2.65,10.409859709612522,2.56
AT,2022-11,4.139977822674257,2.98,10.425564329576709,2.87
AT,2022-12,3.75925180011174,2.84,7.846948838441747,3.06
AT,2023-01,3.093971051952216,3.25,8.063989904382328,3.43
AT,2023-02,2.537986082811772,3.46,7.926983089940487,3.79
AT,2023-03,1.77191236315124,3.59,7.689448482187067,3.99
AT,2023-04,1.1939753439320633,3.8,7.750091753619936,4.25
AT,2023-05,0.362836869926264,3.93,6.97234053970055,4.38
AT,2023-06,-0.1755067985552805,3.94,6.468158249359801,4.58
AT,2023-07,-0.676895531084265,4.18,5.577956218439395,4.8
AT,2023-08,-1.2843624753273497,3.99,4.4054594603273545,5.03
AT,2023-09,-1.3647254718711976,3.94,3.7907621940840297,4.96
AT,2023-10,-1.7080630767682514,4.2,3.135409369852637,5.07
AT,2023-11,-1.8942957984311888,4.22,2.457426026508558,5.1
AT,2023-12,-1.943796227682815,4.2,2.418634125567088,5.05
AT,2024-01,-1.8739726609089515,4.12,1.6968484527125405,5.03
AT,2024-02,-1.9189928674352097,4.13,1.2105118715681762,5.08
AT,2024-03,-1.6247445861461318,4.16,1.339975757730838,5.01
AT,2024-04,-1.7765794311774497,4.13,0.6452511051886933,5.21
AT,2024-05,-1.768201284211246,4.17,0.9761101330817644,4.93
AT,2024-06,-1.4769456173662876,4.21,1.1155040823983553,4.77
AT,2024-07,-1.4234997856603648,4.15,0.8179982424083354,4.94
AT,2024-08,-1.425424162080191,4.11,0.573080255598235,4.73
AT,2024-09,-1.2826969799950128,4.04,0.8313572325394647,4.64
AT,2024-10,-1.1742444875974312,3.84,1.1189252180482612,4.65
AT,2024-11,-1.203211871069576,3.78,1.5546067590560542,4.32
AT,2024-12,-0.8533163959346002,3.72,1.7491046151001388,4.16
AT,2025-01,-0.9018228981437336,3.53,1.9211452814471783,4.09
AT,2025-02,-0.781411960146905,3.5,1.962073944887765,4.12
AT,2025-03,-0.2980699231091455,3.49,1.5904463626204235,3.95
AT,2025-04,-0.097502055673726,3.44,2.003965448337408,3.81
AT,2025-05,0.0263370982849009,3.42,2.179251401084658,3.72
AT,2025-06,0.2029501659835952,3.39,2.4587821159118173,3.67
AT,2025-07,0.3738707422114684,3.35,2.265326549840796,3.49
AT,2025-08,0.7029366350235433,3.35,2.618907892894473,3.5
AT,2025-09,1.0581012968848391,3.38,2.658236717773588,3.57
AT,2025-10,1.2089981106852,3.38,2.337911083926514,3.59
AT,2025-11,1.4072063763929998,3.37,2.6078673456643164,3.41
AT,2025-12,1.3517014499081936,3.38,3.0315062378093005,3.51
AT,2026-01,1.4452773277390252,3.43,3.015981202536744,3.47
AT,2026-02,1.5291032159188145,3.43,3.092307731833599,3.56
AT,2026-03,1.602964462401557,3.45,3.1471333936167856,3.63
AT,2026-04,1.7204687918616957,3.48,3.054913069829013,3.57
AT,2026-05,1.9664605640653088,3.51,3.472280408995987,3.55
AT,2026-06,2.120647872128401,3.54,3.0907301194416315,3.7
AT,2026-07,1.8810972662224976,3.54,3.677271424501627,3.74
AT,2026-08,2.069996164399712,3.61,3.4703709287351225,3.79
BE,2019-01,5.986006464843796,1.89,9.201820796178753,1.4
BE,2019-02,5.89738200540233,1.91,10.062293156052093,1.43
BE,2019-03,5.877245265449305,1.89,9.624684249845284,1.38
BE,2019-04,5.868241654898654,1.84,9.035380940511883,1.33
BE,2019-05,5.889458971205852,1.83,8.800117992074231,1.36
BE,2019-06,5.8468187985963205,1.8,8.101168959221727,1.37
BE,2019-07,5.839416946606679,1.79,8.3835742152643,1.29
BE,2019-08,5.748593364432364,1.76,8.161545027235828,1.36
BE,2019-09,5.816241045219561,1.71,8.511318106349286,1.35
BE,2019-10,5.819700531055938,1.69,7.487780539358546,1.33
BE,2019-11,5.95861907779951,1.68,7.208293411767297,1.35
BE,2019-12,6.978347516080574,1.65,7.523612837549121,1.38
BE,2020-01,6.629741238344988,1.69,7.009966266242507,1.4
BE,2020-02,6.388141712876161,1.73,6.26454027692247,1.46
BE,2020-03,6.09487075499664,1.72,8.880070127328876,1.41
BE,2020-04,5.456955977852829,1.66,9.852107623814945,1.42
BE,2020-05,5.440324166895816,1.61,8.15009604572876,1.43
BE,2020-06,5.277733431510168,1.57,6.027543081321496,1.45
BE,2020-07,5.208864282355918,1.53,4.7783299762124365,1.42
BE,2020-08,5.236116914293487,1.51,4.361656967621275,1.44
BE,2020-09,5.304432761869227,1.49,3.3516834036604104,1.43
BE,2020-10,5.455411194882398,1.48,3.220929808909956,1.47
BE,2020-11,5.411892280448294,1.49,3.074395756706938,1.4
BE,2020-12,4.653140196819239,1.47,2.03147149103049,1.39
BE,2021-01,4.903995004436057,1.46,1.6951435666765935,1.41
BE,2021-02,5.25415006664709,1.44,1.706732671614053,1.48
BE,2021-03,5.717463531422751,1.43,-0.6674350913474791,1.41
BE,2021-04,6.4435696644628,1.43,-1.8484573053662912,1.43
BE,2021-05,6.661592714722486,1.43,-0.8589111279786565,1.41
BE,2021-06,6.97955394302856,1.44,-0.2210813166557024,1.43
BE,2021-07,7.176592856135278,1.45,0.5952411932392376,1.44
BE,2021-08,7.308479830066372,1.47,0.8676233416152979,1.46
BE,2021-09,7.245728049019706,1.48,2.41355342278824,1.45
BE,2021-10,7.1317728113175605,1.48,1.3059444852085766,1.46
BE,2021-11,6.925331164467341,1.48,1.353705596311916,1.47
BE,2021-12,6.617594517883685,1.48,2.759369070620954,1.39
BE,2022-01,6.723526346279818,1.48,3.192216009783744,1.42
BE,2022-02,6.782976710302613,1.53,3.313794523047253,1.46
BE,2022-03,6.820500589311829,1.56,3.631853550816211,1.47
BE,2022-04,6.773050535513603,1.65,3.573280669162582,1.3
BE,2022-05,6.691781078530723,1.78,4.584872693373354,1.51
BE,2022-06,6.596984919087312,1.94,5.701557881557107,1.61
BE,2022-07,6.515625108807233,2.16,5.344090386156797,1.66
BE,2022-08,6.434963045990427,2.35,5.876261833824703,1.76
BE,2022-09,6.366002780185909,2.54,5.982335948189177,2.42
BE,2022-10,6.255426264984143,2.72,7.744962887344187,2.29
BE,2022-11,6.3330947049834,2.88,7.522589359820686,3.17
BE,2022-12,6.300638464170261,3.06,6.590426609310529,3.54
BE,2023-01,5.866397345313201,3.15,5.974075704329174,3.68
BE,2023-02,5.537833843615303,3.32,5.759366907460639,3.99
BE,2023-03,5.1047603112923445,3.43,4.881510459013772,4.36
BE,2023-04,4.703154713071167,3.46,4.66715217752629,4.47
BE,2023-05,4.313942948068994,3.54,3.875722890505373,4.51
BE,2023-06,3.865180557887493,3.64,3.430656199479465,4.92
BE,2023-07,3.536617902730521,3.63,3.8594332323156566,4.99
BE,2023-08,3.258768428148495,3.69,2.937540958344753,5.09
BE,2023-09,2.922887458605405,3.76,2.730125661317806,5.27
BE,2023-10,2.7210030901358984,3.78,2.487969708092219,5.24
BE,2023-11,2.533988231812612,3.83,3.86911404171566,5.24
BE,2023-12,2.414478269136433,3.9,3.8126348677784314,5.24
BE,2024-01,2.246445309569678,3.68,3.940463649221315,5.2
BE,2024-02,2.1648632102496235,3.7,3.350335334560417,5.22
BE,2024-03,2.071695506811833,3.53,3.2230091063457644,5.23
BE,2024-04,2.131494245526988,3.43,3.458130928528158,5.27
BE,2024-05,2.165669035558748,3.45,2.706761879763797,5.16
BE,2024-06,2.104549800212862,3.45,3.0196210404005,5.02
BE,2024-07,2.150502240255148,3.42,3.133392176899785,4.9
BE,2024-08,2.225520331683928,3.4,3.280951234839047,4.93
BE,2024-09,2.260740596295907,3.36,3.840110355894888,4.71
BE,2024-10,2.347451533552713,3.28,3.784731091606552,4.53
BE,2024-11,2.242921405705389,3.2,3.086679490891031,4.4
BE,2024-12,2.288741904542868,3.15,4.484519028124123,4.07
BE,2025-01,2.728627646061965,3.05,4.387820504324802,4.09
BE,2025-02,2.814242974272574,3.08,5.298215975204346,3.9
BE,2025-03,3.036075502044344,3.08,5.756504625467063,3.81
BE,2025-04,3.188949983555412,3.14,6.137298020573168,3.65
BE,2025-05,3.2400680610093824,3.18,6.474797731868409,3.49
BE,2025-06,3.458800774199622,3.24,7.774013563910032,3.41
BE,2025-07,3.612640947986812,3.26,7.836099631814819,3.38
BE,2025-08,3.6755610760805135,3.29,8.290859733868183,3.36
BE,2025-09,3.888515937846604,3.36,7.759147093355057,3.47
BE,2025-10,3.9177036860634784,3.36,7.334452094736732,3.4
BE,2025-11,4.041735834516014,3.39,7.384876826398656,3.39
BE,2025-12,4.10299136306429,3.45,6.557346040551804,3.47
BE,2026-01,3.879448787822337,3.45,7.157200057221602,3.42
BE,2026-02,3.925943850793434,3.47,6.362151577731856,3.46
BE,2026-03,3.9561974191175455,3.44,6.323423689601859,3.54
BE,2026-04,3.794083298721018,3.53,5.925496465163715,3.48
BE,2026-05,3.7019322873887983,3.56,6.340879775570385,3.52
BE,2026-06,3.691489964973571,3.6,6.51309576568444,3.73
BE,2026-07,3.68482543016746,3.65,6.371033914887558,3.77
BE,2026-08,3.6790889295421625,3.7,6.031187077364208,3.8
CY,2019-01,-0.2991503456793443,2.16,3.6823669982098295,
CY,2019-02,-0.1936999813765161,2.2,3.3306317318020806,3.33
CY,2019-03,-0.0410259023139625,2.18,4.143735870349796,3.02
CY,2019-04,0.0995972569346914,2.05,4.711225620639903,3.35
CY,2019-05,0.2623472177088803,2.07,4.1208030769862125,
CY,2019-06,0.0162107351511009,2.09,3.301186004743828,3.12
CY,2019-07,0.0309930859249352,2.07,2.852258970033694,3.27
CY,2019-08,0.0614503812925493,2.11,2.855632583439327,3.06
CY,2019-09,-0.1540254372387917,2.12,2.973866874162812,3.37
CY,2019-10,-0.159421447329433,2.07,2.267634800388163,
CY,2019-11,-0.3292251040763583,2.09,1.9147093058836884,3.15
CY,2019-12,-0.2271087230486745,2.1,2.2378003645886717,3.19
CY,2020-01,-0.2623523616279488,2.06,1.0773859084722837,3.24
CY,2020-02,0.0196401473094631,2.02,0.919970963262573,3.02
CY,2020-03,0.2187288893745087,2.09,0.0164663529775621,3.01
CY,2020-04,0.1306262550258008,2.1,-0.4130677169819186,2.59
CY,2020-05,0.3354603298499015,2.08,-0.1268080284636541,2.99
CY,2020-06,0.8249744531030112,2.05,0.8440719071430403,3.04
CY,2020-07,1.2062797600170372,2.03,1.1013000605911485,3.03
CY,2020-08,1.5657588023713975,2.06,0.9224396019107406,3.09
CY,2020-09,1.8569846055751071,2.11,0.7197684406498261,3.21
CY,2020-10,2.1659691551802807,2.12,1.0806713575505666,2.93
CY,2020-11,2.6258117396719127,2.08,1.0647980545499314,3.02
CY,2020-12,3.0119254798723016,2.15,1.8535497771042355,3.21
CY,2021-01,3.072872755210221,2.12,2.671310895562473,3.23
CY,2021-02,2.962478920263778,2.13,2.734494227921669,2.68
CY,2021-03,2.9505358803164183,2.17,2.6097653453702963,3.34
CY,2021-04,3.345688313098916,2.16,2.33979827473616,3.28
CY,2021-05,3.418586445865879,2.19,1.973921412157997,2.88
CY,2021-06,3.2334350359485287,2.13,1.3570173228600213,3.16
CY,2021-07,3.0937219622295897,2.2,1.286821194251453,3.15
CY,2021-08,3.0044646286443437,2.16,1.3027156245656757,3.09
CY,2021-09,2.944095388898238,2.19,1.6651531096661287,3.09
CY,2021-10,3.004714982317092,2.19,1.4227873922928458,2.97
CY,2021-11,2.984967583903741,2.12,1.915292815208525,
CY,2021-12,2.533911130657862,2.22,1.68972000201415,
CY,2022-01,2.5405354304638195,2.07,1.9362059570570576,
CY,2022-02,2.5795060823055715,2.07,2.0942970139284256,3.13
CY,2022-03,3.929644555939338,2.15,2.550586264074206,3.22
CY,2022-04,3.844328875809011,2.2,3.077666031607462,2.66
CY,2022-05,3.928783680149928,2.27,3.262332094401077,3.03
CY,2022-06,3.9088660239468886,2.31,2.8721616632853664,
CY,2022-07,3.6650248222481303,2.54,2.525081079922442,3.14
CY,2022-08,3.561278389278999,2.54,1.7072076208973108,
CY,2022-09,3.6376787219826623,3.03,0.7129750105077326,
CY,2022-10,3.367584207440921,2.94,0.547831043097613,
CY,2022-11,7.178736681914666,2.98,1.7644712099328164,
CY,2022-12,7.2812997713451955,3.35,0.7955532278797861,3.81
CY,2023-01,7.386356782422743,3.15,0.2722685678792969,5.2
CY,2023-02,7.202187458193698,3.45,0.8979391715570717,4.57
CY,2023-03,5.663537989088918,4.02,0.385411040835204,5.21
CY,2023-04,5.338299949583947,4.04,-0.5309441889250643,4.96
CY,2023-05,5.191804633953834,3.94,-0.2501011825120081,5.81
CY,2023-06,5.143177511257124,3.96,-0.1234626695454377,5.52
CY,2023-07,5.263148554564001,4.14,-0.649775326775548,5.71
CY,2023-08,5.049437771750376,4.4,0.0811170352396306,5.76
CY,2023-09,5.05267128960456,4.5,0.7007549589902018,5.51
CY,2023-10,5.1196644057327045,4.82,-0.1946320394937695,6.09
CY,2023-11,1.2232264230220613,5.17,-2.3797331784878417,5.99
CY,2023-12,1.2807918279740038,5.05,-2.30728708966077,5.62
CY,2024-01,1.1688555687933144,5.05,-2.2578043885981502,5.73
CY,2024-02,1.2195034483960088,4.93,-2.553347227793601,5.99
CY,2024-03,1.390700197126482,4.62,-1.2132946568574776,5.5
CY,2024-04,1.6047237917379054,4.54,-0.7686370592284053,5.55
CY,2024-05,1.4478643392564106,4.4,-0.5913974091477536,5.26
CY,2024-06,1.511523656987035,4.39,0.0487600819863986,5.42
CY,2024-07,1.478182564201691,4.4,0.9380371815421727,5.37
CY,2024-08,1.5074362641480876,4.58,0.6298774914603511,5.36
CY,2024-09,1.7329474460181071,4.37,0.5760067285621506,4.95
CY,2024-10,1.792152332658481,4.42,0.3991642807032347,4.72
CY,2024-11,1.8028124625944608,4.27,0.7778279486812423,4.64
CY,2024-12,1.8609208826934065,4.48,3.085587669267098,4.79
CY,2025-01,1.4755693049509189,4.08,3.952184898707789,4.51
CY,2025-02,1.43817283777381,3.74,3.71607870418893,4.26
CY,2025-03,1.6167010229167111,3.72,5.565948378859509,3.44
CY,2025-04,1.8928764750163696,3.5,6.109911911207755,4.11
CY,2025-05,1.956716643595846,3.45,5.705156870278016,4.08
CY,2025-06,2.2082579417076253,3.49,7.587020097616115,3.89
CY,2025-07,2.22430385630199,3.35,8.562672656589832,3.91
CY,2025-08,2.324370942880672,3.34,8.723071647678893,4.12
CY,2025-09,2.203561282634592,3.22,10.660361909988955,3.7
CY,2025-10,2.680576943286739,3.26,13.23792385274194,3.58
CY,2025-11,3.078632484153321,3.22,13.51391336165122,4.29
CY,2025-12,3.073894623351769,3.27,13.117134014712327,4.2
CY,2026-01,3.487411601588253,3.24,11.851539344503736,4.08
CY,2026-02,4.117539920839808,3.12,12.244351211592154,3.87
CY,2026-03,4.19504788331162,3.27,10.742775921849802,3.99
CY,2026-04,3.8280317390407834,3.25,10.447609711024253,3.87
CY,2026-05,4.2109305817920495,3.28,11.54363528372373,3.89
CY,2026-06,4.383808162491842,3.33,11.222518830451,4.04
CY,2026-07,4.834033673999616,3.29,8.946236614766656,4.04
CY,2026-08,5.110291739239559,3.39,9.950949146158283,3.76
DE,2019-01,3.9069269912249904,1.86,6.084463282382835,1.24
DE,2019-02,3.943862409556553,1.78,6.313981452968864,1.25
DE,2019-03,3.940465044518637,1.74,6.070138754372167,1.29
DE,2019-04,4.048853847486389,1.68,6.496103903397232,1.21
DE,2019-05,4.144891288934804,1.63,6.660267521530039,1.19
DE,2019-06,4.10571699739386,1.58,7.024343672374744,1.18
DE,2019-07,4.157060791919909,1.5,6.580892755688095,1.19
DE,2019-08,4.190929833789281,1.38,6.758272098072604,1.13
DE,2019-09,4.178994423684612,1.29,6.386707480512621,1.18
DE,2019-10,4.299333600857991,1.27,6.343349557214406,1.22
DE,2019-11,4.329815545995719,1.27,5.87051790074784,1.27
DE,2019-12,4.432435212270147,1.29,5.804960602797293,1.29
DE,2020-01,4.538201445600465,1.34,5.013919397223488,1.24
DE,2020-02,4.665829323616033,1.29,4.898565292975254,1.19
DE,2020-03,4.568623222476487,1.23,6.597953204397622,1.2
DE,2020-04,4.41332381465791,1.26,7.018273360415694,1.35
DE,2020-05,4.395560334303705,1.31,6.867051219889531,1.38
DE,2020-06,4.294306225248246,1.34,5.657577323642915,1.36
DE,2020-07,4.470960986840766,1.27,5.622390699674518,1.43
DE,2020-08,4.448517740910996,1.24,5.263594818241479,1.52
DE,2020-09,4.523378017443114,1.22,4.611729572245471,1.37
DE,2020-10,4.621299729689254,1.19,4.696691750603832,1.37
DE,2020-11,4.607793017765838,1.18,4.194247252100003,1.39
DE,2020-12,4.754946880614197,1.16,4.203721836164176,1.33
DE,2021-01,4.630658485690908,1.19,4.3460807816069424,1.36
DE,2021-02,4.511656869658332,1.18,4.386589679324615,1.37
DE,2021-03,4.679308065187238,1.19,3.931313914107593,1.09
DE,2021-04,4.915529214127523,1.23,2.066420221502696,1.52
DE,2021-05,4.944762436422034,1.27,1.763845060017677,1.32
DE,2021-06,5.15461724915518,1.3,1.7446330791614395,1.28
DE,2021-07,5.190819580696604,1.31,2.4532067022816184,1.35
DE,2021-08,5.204456015404824,1.27,2.8287276586185017,1.33
DE,2021-09,5.143082495993823,1.26,3.30043453653468,1.36
DE,2021-10,5.138164473356444,1.28,4.4059871047223975,1.21
DE,2021-11,5.175316740881364,1.32,5.088257569422972,1.18
DE,2021-12,5.115000562416427,1.32,6.1067088673649295,1.2
DE,2022-01,5.195441886411123,1.35,6.649386012268388,1.29
DE,2022-02,5.294421489703227,1.45,7.074001415580233,1.32
DE,2022-03,5.3883142265003015,1.65,6.431302703450004,1.5
DE,2022-04,5.432585424170311,1.94,8.100352965688163,1.53
DE,2022-05,5.517676780920477,2.25,8.530531569966971,1.49
DE,2022-06,5.410296922012381,2.57,10.08980638368917,2.19
DE,2022-07,5.299625571990907,2.82,10.742068303129315,1.89
DE,2022-08,5.218768126707118,2.85,12.765669292314684,1.97
DE,2022-09,5.128851761769937,3.03,13.507211221519563,2.67
DE,2022-10,4.837897656323342,3.28,13.48054591638097,2.86
DE,2022-11,4.592248218384265,3.62,13.057686738334784,3.14
DE,2022-12,4.311476906311906,3.52,10.375431457127227,3.45
DE,2023-01,4.059877081598895,3.64,10.51869599360298,3.59
DE,2023-02,3.739802655969071,3.76,9.596423611920436,3.88
DE,2023-03,3.33721996453733,3.85,8.468492586832221,4.36
DE,2023-04,2.915519047591908,3.89,8.013244140971242,4.45
DE,2023-05,2.44096615986702,3.9,7.904230343269591,4.65
DE,2023-06,2.0863957945410627,4.0,6.270412808445602,4.88
DE,2023-07,1.7114535792858376,4.0,5.206277386335656,5.06
DE,2023-08,1.4073307256825096,4.1,2.470895779722393,5.11
DE,2023-09,1.1678190621829287,4.12,1.38996779942282,5.16
DE,2023-10,0.9436794586523468,4.15,0.268240713603296,5.39
DE,2023-11,0.757193355556951,4.22,0.3263555155280206,5.17
DE,2023-12,0.6060015910105854,4.05,1.5408514184754862,5.19
DE,2024-01,0.5746634362179703,3.86,1.0119943663384534,5.16
DE,2024-02,0.5046870721452379,3.89,0.9775751258431552,5.06
DE,2024-03,0.4540247769304395,3.87,1.0775760971959203,5.2
DE,2024-04,0.3760955648956621,3.91,0.6082418519255395,5.2
DE,2024-05,0.4173254544083127,3.95,-0.0891296111485862,5.1
DE,2024-06,0.3825056535113669,3.98,0.3009990423668451,5.06
DE,2024-07,0.4537393893273345,3.96,-0.0385941093992703,4.98
DE,2024-08,0.5165012628716381,3.89,0.3352574901197114,5.02
DE,2024-09,0.5432225083158437,3.78,0.6523438343881249,4.68
DE,2024-10,0.6522548395170968,3.69,0.5414191726680118,4.68
DE,2024-11,0.7625296714970142,3.63,0.2930642709322972,4.45
DE,2024-12,0.8964620664987599,3.57,0.5328558544310136,4.27
DE,2025-01,1.028847404233968,3.54,0.5455905596076338,4.24
DE,2025-02,1.1680198592129545,3.59,0.7020414551460519,4.13
DE,2025-03,1.2121240650051934,3.61,0.6102202218339015,3.77
DE,2025-04,1.4040568733309833,3.69,0.6797149242443457,3.66
DE,2025-05,1.509066299947448,3.67,0.3838703310820035,3.49
DE,2025-06,1.6047686320063592,3.68,0.3033681638773711,3.49
DE,2025-07,1.7065937052918478,3.68,0.2608146256156907,3.36
DE,2025-08,1.7705033802701164,3.71,0.5046194550794025,3.23
DE,2025-09,1.8547287933996737,3.75,0.2727783907735093,3.33
DE,2025-10,1.9043378645239968,3.71,0.2943495382066396,3.37
DE,2025-11,1.9489688204228808,3.7,0.5056401839923952,3.34
DE,2025-12,2.029315348398275,3.71,-0.0062583843582486,3.48
DE,2026-01,1.965915342462532,3.76,-0.4411626915137967,3.47
DE,2026-02,1.9625760318529475,3.77,-0.356069221939026,3.35
DE,2026-03,2.014748985546677,3.72,-0.3310940306717969,3.58
DE,2026-04,2.006274449776524,3.84,-0.1064773244985217,3.55
DE,2026-05,1.9763686595485772,3.93,0.5706110840006939,3.48
DE,2026-06,2.018537667226794,3.95,0.7452706471329007,3.79
DE,2026-07,1.982775309100937,3.93,0.7418392945231611,3.78
DE,2026-08,1.9214728823040872,4.0,0.5717492961792026,3.59
EE,2019-01,6.430160040812516,2.46,5.203222968407406,
EE,2019-02,6.37906313541825,2.51,4.423555798547008,3.48
EE,2019-03,6.400656677784067,2.58,3.030091392429446,
EE,2019-04,6.611475858599203,2.6,3.6498554872899103,2.89
EE,2019-05,6.368311925582826,2.61,3.80203694892971,3.15
EE,2019-06,6.26919043099925,2.62,3.262737346577804,2.99
EE,2019-07,6.391694630313172,2.69,4.284788280285845,3.19
EE,2019-08,6.345801395210171,2.77,3.0617049592847723,3.22
EE,2019-09,6.416259813274872,2.61,3.6192900961395935,3.78
EE,2019-10,6.064458423815289,2.65,4.205454759331517,
EE,2019-11,6.320401025003264,2.5,4.004751949825458,
EE,2019-12,6.420040610473032,2.45,2.971651472872483,
EE,2020-01,6.4243624210704064,2.59,2.573313888750861,2.7
EE,2020-02,6.593164834832344,2.58,2.8899570726636403,2.72
EE,2020-03,6.462237999545217,2.44,3.678091976700215,2.39
EE,2020-04,5.845790088978831,2.38,2.8845862384750958,
EE,2020-05,5.479022661729682,2.6,2.70118624005784,
EE,2020-06,5.3072852055297215,2.71,2.4024976159226386,2.94
EE,2020-07,4.87192358950661,2.65,2.564219810129553,3.03
EE,2020-08,4.783798610749956,2.71,2.915048252823116,3.13
EE,2020-09,4.788895087215184,2.61,3.4096607131030687,
EE,2020-10,4.8306811941084105,2.47,2.47118735062144,3.43
EE,2020-11,4.83932626303758,2.4,2.9834835050038144,2.95
EE,2020-12,4.975240138140991,2.38,3.1223442377846578,
EE,2021-01,4.918495631713515,2.34,1.1647476669352397,
EE,2021-02,4.783942014929776,2.26,0.7501669297711233,
EE,2021-03,5.0107351241043485,2.23,1.857807602184769,
EE,2021-04,5.548428856803245,2.25,2.536206636880811,
EE,2021-05,6.265797410872276,2.29,1.885897956026628,
EE,2021-06,6.663168628379679,2.25,2.7337538243256576,
EE,2021-07,7.027667806218663,2.28,2.8315113279332005,
EE,2021-08,7.281324103114239,2.25,4.549392268458785,
EE,2021-09,6.591107892079107,2.16,4.655565789761451,2.74
EE,2021-10,6.9746057354108215,2.15,5.0283792376471625,
EE,2021-11,7.267280063977188,2.07,4.08711177121337,3.1
EE,2021-12,7.811471862615238,2.06,7.354203648248059,
EE,2022-01,8.056087975322468,2.1,8.311132551331468,
EE,2022-02,8.40316530628833,2.12,8.555543796494835,
EE,2022-03,8.768565959476483,2.1,7.702733901509773,2.66
EE,2022-04,8.945858495481307,2.14,9.074875445989662,
EE,2022-05,9.38595719255446,2.18,11.452379355166652,
EE,2022-06,9.84118015032025,2.24,12.086273520008506,2.77
EE,2022-07,10.29266365007244,2.49,12.65365292075662,
EE,2022-08,10.831581883553644,2.82,12.672479868788166,3.06
EE,2022-09,11.769078946827191,3.25,13.699607486961618,3.53
EE,2022-10,11.606900325677504,3.66,14.433978177774808,4.07
EE,2022-11,11.514004246192666,4.05,14.239777034518683,5.18
EE,2022-12,11.019654939492728,4.18,12.562344341566668,4.86
EE,2023-01,10.684003657616682,4.66,12.674309526456453,4.74
EE,2023-02,10.349518986475736,4.92,11.385049496557231,6.35
EE,2023-03,9.95903347956164,4.96,9.975564164130924,5.97
EE,2023-04,9.729270627846542,5.14,9.526131441896734,5.8
EE,2023-05,9.150599337647126,5.37,8.172562191082577,6.04
EE,2023-06,8.683637326074667,5.61,7.598919522317749,6.21
EE,2023-07,8.084456252235217,5.92,6.541173736383499,6.33
EE,2023-08,7.486273269845278,5.92,6.232725205389733,6.6
EE,2023-09,7.100161364966673,6.05,7.368873247646213,
EE,2023-10,6.85423230236264,6.32,6.9892470370723325,
EE,2023-11,6.476813965105688,6.11,6.933681399347802,
EE,2023-12,6.345018931580393,5.92,5.737847713149713,7.11
EE,2024-01,6.343649092895198,5.96,5.80321268807773,
EE,2024-02,6.39810356476398,5.9,5.849754836167342,7.25
EE,2024-03,6.270159159515765,5.81,6.261220817227309,7.26
EE,2024-04,6.363287000597184,5.79,5.725951974841048,6.71
EE,2024-05,6.291965429842028,5.7,5.325704917417018,6.87
EE,2024-06,6.190021403780954,5.65,6.192873212168104,6.35
EE,2024-07,6.492683716442693,5.63,7.804767537383284,6.92
EE,2024-08,6.675298355575876,5.53,6.938647456085412,
EE,2024-09,6.981318078484078,5.24,4.457189822792396,6.74
EE,2024-10,7.284993247322191,5.0,5.6822332262854935,
EE,2024-11,7.491215169832466,4.75,7.58086974224037,
EE,2024-12,7.646251926838277,4.56,10.40871616107808,
EE,2025-01,7.957968249472347,4.54,9.262470529722645,
EE,2025-02,8.16655774875179,4.36,10.375836049177469,
EE,2025-03,8.453878607093813,4.33,10.309272635705756,5.13
EE,2025-04,8.636423693025485,4.09,10.500311129597396,5.2
EE,2025-05,8.837240641432098,3.96,11.569920018092828,
EE,2025-06,9.603123486249476,3.87,11.130483405542837,
EE,2025-07,9.703123732746732,3.85,10.246005980167784,4.23
EE,2025-08,9.694067648106095,3.84,11.348217120006533,4.36
EE,2025-09,9.848464764775011,3.8,12.81257756408647,4.45
EE,2025-10,9.969523608544794,3.82,11.601312050844491,4.47
EE,2025-11,9.95554790501858,3.82,10.619808107853924,
EE,2025-12,10.10375510344037,3.78,9.166038575230171,4.6
EE,2026-01,10.097692532597002,3.81,9.83075044168804,4.52
EE,2026-02,10.19801011597372,3.79,11.1321065118974,4.37
EE,2026-03,10.396202994223502,3.89,11.08177277068776,
EE,2026-04,10.47451751474442,4.04,11.589407433329749,4.89
EE,2026-05,10.483872936289696,4.13,10.751557117559065,4.67
EE,2026-06,10.04339603022617,4.15,10.94048320850105,4.96
EE,2026-07,10.187256886079489,4.24,9.731892333422245,5.21
EE,2026-08,10.297028347651649,4.27,9.947683546809504,4.62
ES,2019-01,0.5508919952683433,2.06,-2.465684867432072,1.7
ES,2019-02,0.6396444358040654,2.09,-1.36956116256296,1.73
ES,2019-03,0.3911977721098747,2.1,-1.4263109246510308,1.84
ES,2019-04,0.4363104642370441,2.14,-1.2363674312932948,1.82
ES,2019-05,0.5418919860717741,2.16,-1.80265040008043,1.73
ES,2019-06,0.4270337414763014,2.08,-1.819469619818348,1.59
ES,2019-07,0.3466472324160641,1.97,-1.1160706572889811,1.74
ES,2019-08,0.3701900635813659,1.99,-0.5019589825094206,1.68
ES,2019-09,0.0164240900482948,1.87,-0.9904238314504156,1.67
ES,2019-10,-0.0175588619671707,1.82,-1.0225237037933432,1.72
ES,2019-11,0.274837693429486,1.77,-0.8332062013362673,1.63
ES,2019-12,0.2440757156120465,1.68,0.0160316723154529,1.43
ES,2020-01,0.2433513913869589,1.8,0.6172573827608829,1.77
ES,2020-02,0.3068847049082501,1.8,-0.032228820043223,1.67
ES,2020-03,-0.1856037088698081,1.8,2.4013671703785766,1.46
ES,2020-04,-0.6126236782980188,1.72,6.611108267260035,1.66
ES,2020-05,-0.7310580747198592,1.76,9.46912391023118,1.78
ES,2020-06,-0.7724815758450854,1.79,8.65000433385601,1.65
ES,2020-07,-0.791733462209876,1.75,7.53401433202987,1.8
ES,2020-08,-0.8508833277837469,1.78,7.86225966140266,1.61
ES,2020-09,-0.6064659631083935,1.72,7.977454320145028,1.56
ES,2020-10,-0.3166844895169607,1.7,8.011773777688758,1.64
ES,2020-11,-0.6056352949623145,1.64,7.987331655026697,1.52
ES,2020-12,-0.5755110625663251,1.5,7.911093292715976,1.54
ES,2021-01,-0.7189960529735862,1.55,7.587068578892731,1.59
ES,2021-02,-0.8552247140637625,1.52,8.355261902981347,1.5
ES,2021-03,-0.3867590388477948,1.53,5.61366613760883,1.51
ES,2021-04,0.1145017144876803,1.51,0.8667518758097126,1.75
ES,2021-05,0.2790050215870643,1.49,-2.633545627775036,1.58
ES,2021-06,0.5592755745693623,1.46,-1.509726545095047,1.54
ES,2021-07,0.739522055113051,1.43,-1.428624278950874,1.56
ES,2021-08,0.6143305166480539,1.54,-2.156859690197499,1.48
ES,2021-09,0.5700787616479186,1.44,-1.742241351717022,1.49
ES,2021-10,0.6552795731019856,1.46,-1.5172287358737324,1.56
ES,2021-11,0.7729810016133154,1.44,-1.129252466570052,1.44
ES,2021-12,0.7801264897453475,1.38,1.0684756322663969,1.24
ES,2022-01,0.792895650205705,1.43,0.0836351678279889,1.44
ES,2022-02,0.9258268022002136,1.51,0.2478959551482029,1.19
ES,2022-03,1.10896961963991,1.53,-0.2957625397926766,1.26
ES,2022-04,1.3581440302491865,1.53,1.3252480239163589,1.32
ES,2022-05,1.296485072866682,1.63,1.8616834346542488,1.37
ES,2022-06,1.3371797216661374,1.69,1.7425778868414676,1.49
ES,2022-07,1.134650135010773,1.81,3.156427310101839,1.67
ES,2022-08,1.1234158210368328,2.03,4.2523275250127,1.6
ES,2022-09,1.1031524227671508,2.22,3.228692212899098,2.31
ES,2022-10,0.8793617774098594,2.54,3.117172730013107,2.82
ES,2022-11,0.8284324894077821,2.73,2.539892403200028,3.09
ES,2022-12,0.569979867178283,2.96,0.809163889188369,3.37
ES,2023-01,0.3325556032517829,3.26,0.7078501675986226,3.64
ES,2023-02,-0.0645592626974389,3.52,0.220263922481334,3.96
ES,2023-03,-0.4232116679371622,3.64,0.9884035682389049,4.1
ES,2023-04,-0.8172283472632769,3.72,-0.4656279476555003,4.35
ES,2023-05,-1.250756707802292,3.81,-1.396029162664214,4.49
ES,2023-06,-1.3374880964867275,3.84,-1.520431862545668,4.63
ES,2023-07,-1.8096681433749429,3.87,-2.5480993953817754,4.84
ES,2023-08,-1.876077966882284,3.97,-3.7672425966413736,5.1
ES,2023-09,-1.943329142025174,3.97,-3.4241263077902877,5.07
ES,2023-10,-2.114352083549287,3.99,-4.289644764912093,5.21
ES,2023-11,-1.8579405180273456,3.91,-4.268527580214066,5.21
ES,2023-12,-1.9934302220805835,3.82,-3.547006358038929,5.13
ES,2024-01,-1.928638094827373,3.61,-3.363387450810662,5.03
ES,2024-02,-1.6774314523406164,3.64,-2.958543244203582,5.02
ES,2024-03,-1.4362427399995048,3.53,-2.8567576619118795,4.99
ES,2024-04,-1.1666394699086702,3.57,-2.320138644675296,5.01
ES,2024-05,-0.6950125062982981,3.55,-2.0205014225281093,5.05
ES,2024-06,-0.3188120686162143,3.45,-1.160569712949866,4.87
ES,2024-07,-0.0539357889253633,3.42,-1.128731594908805,4.76
ES,2024-08,0.2912450809139377,3.44,-0.6287573813280711,4.79
ES,2024-09,0.4673482491648117,3.31,0.0245013198166166,4.56
ES,2024-10,0.963411521491664,3.24,0.5237278155440839,4.32
ES,2024-11,1.3142276103612849,3.08,0.4590371970750961,4.23
ES,2024-12,1.492605790471413,2.93,0.2885355855688498,4.03
ES,2025-01,1.980963442483064,2.9,1.4412951578047115,3.87
ES,2025-02,2.295878117795436,2.89,1.3821938609838158,3.89
ES,2025-03,2.62902071060902,2.82,1.7962402364154917,3.53
ES,2025-04,2.7381644990071896,2.77,2.2980049166719585,3.47
ES,2025-05,2.9800731599681107,2.72,3.109890431374862,3.36
ES,2025-06,3.3372507694703124,2.69,2.744010187029988,3.17
ES,2025-07,3.59040563397488,2.64,2.862933464626205,3.27
ES,2025-08,3.701130642423745,2.69,3.006213657899859,3.24
ES,2025-09,3.950068538526752,2.67,3.080131201264358,3.19
ES,2025-10,4.205925700525381,2.68,3.5561133920198,3.22
ES,2025-11,4.405442128668646,2.64,3.5060525810108656,3.31
ES,2025-12,4.705280115114463,2.62,4.218825374209434,3.28
ES,2026-01,4.8887661470660815,2.68,3.825431407010771,3.33
ES,2026-02,5.055198832373731,2.75,4.285839253045354,3.27
ES,2026-03,5.0258727014113935,2.75,4.649365146919249,3.24
ES,2026-04,5.218598440002542,2.81,4.527619037289399,3.41
ES,2026-05,5.258679482058537,2.85,4.472833400488119,3.48
ES,2026-06,3.532783740058143,2.89,4.737308938886042,3.53
ES,2026-07,5.204027360067176,2.89,5.244253740016824,3.68
ES,2026-08,5.146170402961481,3.04,5.072908860334313,3.57
FI,2019-01,2.415667105586605,0.89,9.167768873511628,
FI,2019-02,2.3731253996742474,0.85,8.034653354698484,1.55
FI,2019-03,2.399075671348072,0.85,6.987155381223897,1.47
FI,2019-04,2.364544087205656,0.83,8.896392844194278,
FI,2019-05,2.4233590019737017,0.82,8.72076584175594,
FI,2019-06,2.4191680879247945,0.79,6.507472149120464,1.57
FI,2019-07,2.517841689365574,0.78,7.22353429621494,
FI,2019-08,2.667693125814097,0.76,6.854310158189136,
FI,2019-09,2.526900487101069,0.75,7.459844200452603,
FI,2019-10,2.656804846081529,0.75,5.787712183650284,
FI,2019-11,2.82701719745837,0.78,6.737633719185365,1.51
FI,2019-12,2.89484208606392,0.78,7.198859391256307,1.39
FI,2020-01,2.9836246913808706,0.8,5.3115215546848615,1.23
FI,2020-02,3.146457111718304,0.77,5.884350223056112,1.52
FI,2020-03,3.0136728699034387,0.81,8.178950132184237,1.4
FI,2020-04,3.02150809744548,0.89,8.160674847620243,1.6
FI,2020-05,2.9267994329269964,0.82,9.687295712725907,1.48
FI,2020-06,2.854546447754136,0.79,8.902468876011449,1.6
FI,2020-07,3.1070189144423166,0.78,8.265890322082537,1.54
FI,2020-08,2.943160765289909,0.77,8.26616171265766,1.38
FI,2020-09,3.052380844525815,0.75,6.411618615605264,1.63
FI,2020-10,3.233017475200928,0.75,7.220068105562105,1.57
FI,2020-11,3.108403218764044,0.73,4.616454955268834,1.48
FI,2020-12,3.326221883745984,0.75,4.463224327537518,1.51
FI,2021-01,3.4355632016460413,0.75,5.61765531512135,1.53
FI,2021-02,3.4021772987722354,0.74,5.2254802086108,1.9
FI,2021-03,3.580600853446625,0.74,3.171678669534605,1.53
FI,2021-04,3.868716401789008,0.72,1.6888891008981943,
FI,2021-05,3.9762270637355934,0.72,-0.1935290489238239,
FI,2021-06,4.128035851405332,0.72,0.896891448868109,1.28
FI,2021-07,4.045151910121936,0.74,-0.0759039031097974,1.36
FI,2021-08,4.005000873294029,0.73,-0.5272479743200553,1.24
FI,2021-09,4.028408837993203,0.74,-0.0281590473522053,1.4
FI,2021-10,3.938834624777376,0.75,0.8484955282151097,1.26
FI,2021-11,3.9776686565152097,0.78,0.9938198544585886,
FI,2021-12,3.979145489679037,0.79,3.926476383196298,0.81
FI,2022-01,3.889848514858541,0.8,3.567120759314424,1.63
FI,2022-02,3.743617909762409,0.88,3.426533834732326,1.53
FI,2022-03,3.7553722506045375,0.91,4.2745119122051145,1.3
FI,2022-04,3.6578809699102655,0.96,4.311859226014692,
FI,2022-05,3.3768039855568865,1.13,4.265838791226062,1.79
FI,2022-06,3.237531899959345,1.58,6.497295992075114,
FI,2022-07,3.069588837994819,1.66,8.712738991350033,2.2
FI,2022-08,2.8640710106101253,1.85,10.912452197600777,
FI,2022-09,2.583155514422364,2.54,10.700694493764471,2.35
FI,2022-10,2.17287062773448,2.75,10.574168968853348,2.83
FI,2022-11,1.7798255373276506,2.83,10.498628022519776,
FI,2022-12,1.5329812565466616,2.94,5.87961593735522,
FI,2023-01,1.053549696993472,3.02,6.163097386724159,4.02
FI,2023-02,0.7159934913198995,3.28,5.499525500173097,4.26
FI,2023-03,0.2161383759502255,3.48,5.029034156580936,
FI,2023-04,-0.1185681859140475,3.69,5.102077528599147,
FI,2023-05,-0.4875150829045993,3.85,5.049247285815905,4.93
FI,2023-06,-0.8885848358145654,4.02,3.276244861854072,4.87
FI,2023-07,-1.2122766298813814,4.14,2.1755828988330617,
FI,2023-08,-1.2789706634451004,4.24,0.1707951742642821,5.07
FI,2023-09,-1.39751568362112,4.37,0.8789391383843936,5.34
FI,2023-10,-1.558776783598137,4.43,-0.0064894073415144,
FI,2023-11,-1.458201245796087,4.39,0.505096800756144,
FI,2023-12,-1.2368178891268733,4.28,1.6495200489208497,5.25
FI,2024-01,-1.1893345149903256,4.13,1.538018051533041,5.36
FI,2024-02,-1.0233723948583906,4.21,1.9287822948590216,5.44
FI,2024-03,-0.826192168433737,4.22,1.905326578678168,
FI,2024-04,-0.9076487650073184,4.22,1.3720591800175042,5.39
FI,2024-05,-0.6903466081269127,4.2,1.608696452560343,5.42
FI,2024-06,-0.5629505320010608,4.18,1.4089288553556845,
FI,2024-07,-0.5398687349272846,4.1,0.7442884146666273,5.22
FI,2024-08,-0.3912656026682226,3.86,0.7918428834325031,
FI,2024-09,-0.4871244012932707,3.68,0.5946856569788661,4.74
FI,2024-10,-0.1703317992095776,3.45,0.787916926160892,4.32
FI,2024-11,-0.1125074654208191,3.31,0.3135835886596716,
FI,2024-12,-0.4227526388381419,3.21,-0.7239524371301154,4.17
FI,2025-01,-0.175141580304361,3.23,-0.4914295371449606,
FI,2025-02,-0.2006873990339497,3.13,-0.6029497915267856,
FI,2025-03,-0.2020292123839029,3.09,-0.3414779142757229,4.12
FI,2025-04,-0.0211109364265604,2.86,-0.383026915667406,3.69
FI,2025-05,0.087205576797622,2.81,-0.0883962861777609,3.71
FI,2025-06,0.0238041362510266,2.74,-0.0416018136844886,3.51
FI,2025-07,0.1816106261312233,2.76,0.29171640775556,3.73
FI,2025-08,0.1571729036587976,2.77,0.7662590798642954,3.63
FI,2025-09,0.2585043771399897,2.78,0.3227883991685054,
FI,2025-10,0.2256476134332885,2.78,0.7799132150889454,
FI,2025-11,0.3025034862058628,2.8,1.4472088303997932,3.54
FI,2025-12,0.2521959610475521,2.82,2.8381121447334845,
FI,2026-01,0.2256293963628364,2.78,2.7546890858491047,
FI,2026-02,0.2381362029758138,2.77,3.172867698944226,3.32
FI,2026-03,0.1911679530268939,2.96,2.47324484951792,3.81
FI,2026-04,0.1827516620892755,3.02,3.155168436123912,3.79
FI,2026-05,0.1738834359100494,3.07,2.672904052802916,3.54
FI,2026-06,0.1817100758248813,3.1,3.342134614235825,3.59
FI,2026-07,0.1488423779260728,3.18,6.049380481744038,
FI,2026-08,0.1499458899913541,3.24,5.677621864017279,
FR,2019-01,5.438666066300812,1.5,6.349190526166049,1.43
FR,2019-02,5.568377827024418,1.51,6.476822970458174,1.52
FR,2019-03,5.711378018713442,1.5,6.97335044383145,1.55
FR,2019-04,5.78169897370977,1.49,6.973567853764684,1.54
FR,2019-05,5.883527466877925,1.44,6.7463056364012175,1.39
FR,2019-06,5.855748694952179,1.39,7.514640215682644,1.41
FR,2019-07,6.026476986017282,1.34,7.768387262756193,1.53
FR,2019-08,6.000581631737978,1.31,8.327467684272193,1.41
FR,2019-09,6.234630353826609,1.27,6.563904841358892,1.37
FR,2019-10,6.273371278982043,1.23,7.477511401291936,1.44
FR,2019-11,6.2545466041461495,1.2,6.627128145012873,1.37
FR,2019-12,6.398880392112405,1.17,5.5593849135031626,1.36
FR,2020-01,6.52879091152232,1.17,5.695575406999875,1.4
FR,2020-02,6.626068364921123,1.19,5.407520504902452,1.27
FR,2020-03,5.990191811808932,1.19,7.750070012842114,1.31
FR,2020-04,5.223064649225018,1.36,9.2484191950277,0.9
FR,2020-05,5.333153968075988,1.26,11.371758618166416,0.77
FR,2020-06,5.463148650716443,1.26,11.598223477125892,1.01
FR,2020-07,5.150852218662472,1.29,11.798274367442453,1.12
FR,2020-08,5.114353607214439,1.31,11.338101397241608,1.08
FR,2020-09,5.050457646765527,1.3,12.088730113496004,1.28
FR,2020-10,5.03275532033034,1.28,10.803000021159658,1.31
FR,2020-11,4.936465866427819,1.27,11.732021880203192,1.26
FR,2020-12,4.901087378418634,1.24,12.189231396989996,1.25
FR,2021-01,4.620193223920177,1.24,12.264113079599737,1.25
FR,2021-02,4.472834871535403,1.21,12.211143840822182,1.24
FR,2021-03,4.796476752916901,1.18,8.74101584182505,1.33
FR,2021-04,5.467246818163862,1.15,6.470227976536935,1.36
FR,2021-05,5.395559739105171,1.14,3.378644280834653,1.28
FR,2021-06,5.39890565422485,1.12,2.923973994902429,1.28
FR,2021-07,5.697519241634819,1.12,2.632016834754469,1.43
FR,2021-08,5.7059203483181165,1.12,2.3721894863975246,1.25
FR,2021-09,5.634995484879601,1.13,3.079642782116476,1.35
FR,2021-10,5.409774189216243,1.13,3.157552295717281,1.35
FR,2021-11,5.520610594925968,1.12,3.474072385929605,1.26
FR,2021-12,5.567279093011801,1.1,4.500865184546843,1.28
FR,2022-01,5.631126431482136,1.12,5.084376448326378,1.27
FR,2022-02,5.883925704285153,1.13,5.0962203064335965,1.34
FR,2022-03,6.056244840999736,1.14,5.692394122879629,1.23
FR,2022-04,5.982884195478233,1.19,6.931314320293458,1.25
FR,2022-05,6.119778011667565,1.26,7.896613349154102,1.42
FR,2022-06,6.033846481700844,1.35,8.210682506384304,1.62
FR,2022-07,5.859720526149093,1.45,8.486734833136556,1.68
FR,2022-08,5.88590203609165,1.58,8.783255429874593,1.79
FR,2022-09,5.844131228843952,1.68,9.362332194193446,2.11
FR,2022-10,5.741027632344453,1.77,10.063017331383218,2.49
FR,2022-11,5.66391147987606,1.91,9.109475845939327,3.1
FR,2022-12,5.251210924118088,2.05,8.576031812516982,3.21
FR,2023-01,5.119123359474109,2.2,7.752886301111861,3.47
FR,2023-02,4.748499343122004,2.35,7.660202673488237,3.75
FR,2023-03,4.570084400159935,2.54,7.0975745512127375,3.81
FR,2023-04,4.326323166741242,2.71,6.582323807475121,4.03
FR,2023-05,3.844492119189402,2.88,6.034817181237173,4.28
FR,2023-06,3.4549580627170284,3.04,5.223096514751058,4.41
FR,2023-07,2.89303134948602,3.16,4.616351056406542,4.64
FR,2023-08,2.567330769500087,3.31,4.039995266139185,4.54
FR,2023-09,2.1530795573283967,3.36,3.480126029669628,4.63
FR,2023-10,1.9958688688122892,3.43,2.6533879913588576,4.86
FR,2023-11,1.6917157816402684,3.52,3.0059067110728366,4.92
FR,2023-12,1.3603670737011742,3.6,2.4359400270245413,4.87
FR,2024-01,1.179615399342504,3.59,2.2102944223184595,4.82
FR,2024-02,0.929637410516726,3.51,2.24294498055293,4.87
FR,2024-03,0.5614242090391519,3.5,2.389317877986241,4.82
FR,2024-04,0.4852106392458921,3.49,2.054246358902456,4.82
FR,2024-05,0.3508433215469786,3.48,2.333498014807578,4.5
FR,2024-06,0.1080988232793123,3.43,2.8072655032931104,4.74
FR,2024-07,0.1552594544254049,3.4,2.6748219657780625,4.75
FR,2024-08,0.1205242874435574,3.37,2.76589751894889,4.64
FR,2024-09,0.1275948788227898,3.33,2.5608484248033303,4.51
FR,2024-10,0.0665746957094981,3.27,2.88046985134629,4.4
FR,2024-11,0.0182156798283372,3.17,2.265924402256525,4.23
FR,2024-12,0.2644366294553446,3.14,2.998164067043141,4.19
FR,2025-01,0.2763986635660576,3.11,2.8392672239103467,4.11
FR,2025-02,0.4362098359560473,3.01,2.884688432975002,3.84
FR,2025-03,0.7142202889855565,3.05,3.207056892347637,3.83
FR,2025-04,0.8441650474513285,3.03,3.3637771082533074,3.73
FR,2025-05,0.8194031031664162,3.02,3.219986562821786,3.57
FR,2025-06,1.0486290331986226,3.01,3.134988382372561,3.56
FR,2025-07,1.10292454344334,3.01,3.5559501554525585,3.55
FR,2025-08,1.1457586400149378,3.01,3.4914462262450874,3.4
FR,2025-09,1.2825912709236054,2.99,3.67223831056509,3.46
FR,2025-10,1.359504566251868,2.99,3.629554422442372,3.45
FR,2025-11,1.4509271231112786,3.0,3.730371753487161,3.47
FR,2025-12,1.4672289212682044,2.99,3.540218709533516,3.56
FR,2026-01,1.475217530890416,3.05,3.5516343550997758,3.5
FR,2026-02,1.4614347363566926,3.1,3.6783586594312014,3.52
FR,2026-03,1.3491708956768322,3.1,3.716907382017887,3.54
FR,2026-04,1.3578059690735331,3.11,4.200603538864844,3.56
FR,2026-05,1.4247876955535643,3.1,4.789693247413629,3.54
FR,2026-06,1.4662543294041486,3.16,4.939395147218884,3.71
FR,2026-07,1.4843172737342147,3.18,4.987733763312963,3.61
FR,2026-08,1.479077836523035,3.2,5.013607346370907,3.67
GR,2019-01,-2.24170547246193,3.16,0.5036140264160105,
GR,2019-02,-2.1947861800982404,3.15,1.661111927057357,3.86
GR,2019-03,-2.192700783882595,3.16,1.697729331488507,
GR,2019-04,-2.292704954963054,3.12,2.5413400743360626,
GR,2019-05,-2.408876217325273,3.2,2.5225082984221325,
GR,2019-06,-2.53681241825201,3.19,2.572087229201636,
GR,2019-07,-2.795966037954845,3.27,2.9014223488669,
GR,2019-08,-2.8211427006142986,3.31,2.882479499259283,
GR,2019-09,-2.8243482641353013,3.1,2.187120236706641,3.85
GR,2019-10,-2.816755579394325,2.96,2.55562312578701,3.48
GR,2019-11,-2.85575511565731,2.86,2.584290376265619,3.37
GR,2019-12,-2.747459896644655,2.87,1.8257255802179184,3.59
GR,2020-01,-2.8151447273500163,2.8,1.6008648550026372,3.49
GR,2020-02,-2.8494293418323657,2.85,1.2394673659067434,3.4
GR,2020-03,-2.866264759858561,2.71,3.3546586157274128,
GR,2020-04,-2.953631647780186,2.49,3.888614685506231,3.33
GR,2020-05,-2.8141766863683526,2.79,4.679132618745108,
GR,2020-06,-2.615378411258029,2.76,3.918315875776468,
GR,2020-07,-2.2932990870078496,2.75,6.518781308013755,
GR,2020-08,-2.174773698395971,2.75,7.32368055934931,
GR,2020-09,-2.2042062510606364,2.7,8.52960763697357,
GR,2020-10,-2.015843463477851,2.75,8.886205421704375,
GR,2020-11,-1.9834243903008584,2.65,9.001555442658947,
GR,2020-12,-2.0195716628535143,2.69,10.22630245735876,
GR,2021-01,-1.9608306646446527,2.44,10.753660485535788,
GR,2021-02,-1.9190970152004885,2.66,10.672485363380414,
GR,2021-03,-1.9991438384090787,2.68,8.544734377689501,
GR,2021-04,-1.8316408424423505,2.61,6.42233599816362,2.82
GR,2021-05,-1.8758985110334137,2.82,5.815788003174149,2.93
GR,2021-06,-1.7874939647059884,2.71,5.872666830666806,
GR,2021-07,-2.1325759051933013,2.73,3.596183844771783,
GR,2021-08,-2.262917969405609,2.77,2.6398570236160213,
GR,2021-09,-2.1075175004802715,2.76,2.128895373903883,2.52
GR,2021-10,-2.199850014566629,2.82,2.3201410425266245,2.87
GR,2021-11,-2.1403451086988268,2.78,2.5688517096079666,
GR,2021-12,-2.049286196037181,2.53,3.303205857681313,
GR,2022-01,-2.3539082669180256,2.76,2.299886924086336,
GR,2022-02,-2.322173587874843,2.74,2.508243555237355,
GR,2022-03,-2.2132682882622934,2.76,3.172523341464184,2.84
GR,2022-04,-2.222622534446605,2.77,5.752232932979573,
GR,2022-05,-2.112852660077813,2.88,7.068856928867495,
GR,2022-06,-2.0787285715776704,3.07,9.836351997560811,3.02
GR,2022-07,-2.0811409586183998,2.99,11.046575571355222,
GR,2022-08,-2.16604434516513,3.11,11.714613590451805,
GR,2022-09,-2.1251766701708585,3.39,12.334440679655522,3.98
GR,2022-10,-2.3084241851833665,3.7,10.86065757412802,4.18
GR,2022-11,-2.093837779618124,3.54,10.139449397387445,4.31
GR,2022-12,-2.3093522230300367,3.65,11.58903364896844,
GR,2023-01,-2.33096284970048,3.77,10.196873495705528,4.94
GR,2023-02,-2.403076747061972,3.83,9.29956221346304,
GR,2023-03,-2.271946203261921,3.79,10.478537509812114,
GR,2023-04,-2.5486369798600084,3.91,8.456946877064443,5.57
GR,2023-05,-2.7647439882692137,3.91,6.560916396922156,
GR,2023-06,-2.5694118037769558,4.07,5.697943737148958,
GR,2023-07,-2.6205902022796823,4.22,3.025987310756117,6.06
GR,2023-08,-2.478824116317735,4.18,2.2776229597281983,6.34
GR,2023-09,-2.3661596542221885,4.31,4.734014047226198,6.03
GR,2023-10,-2.286583640241857,4.58,5.096739098540581,
GR,2023-11,-2.341512994313588,4.46,5.180985222609813,
GR,2023-12,-1.8773251821170511,4.37,5.900747140630047,
GR,2024-01,-1.7346389058736866,4.56,5.061052805796584,5.88
GR,2024-02,-1.586870309705546,4.52,6.312333516400859,
GR,2024-03,-1.3451693824518165,4.3,6.619746810470284,
GR,2024-04,-1.0488623253781415,4.35,6.959230695735474,
GR,2024-05,-0.8997905171211684,4.23,7.709225712875933,4.98
GR,2024-06,-0.9181658295321692,4.16,9.466140431264504,5.38
GR,2024-07,-0.6975292811461808,3.94,9.998987417651284,
GR,2024-08,-0.6370616789512895,3.94,10.69083022611872,
GR,2024-09,-0.6013651470521686,3.9,9.421367625740796,
GR,2024-10,-0.4971046853560867,3.79,13.437114374162174,5.06
GR,2024-11,-0.4473861353901709,3.73,16.053512063806586,4.83
GR,2024-12,-0.2729417708273507,3.65,14.18933426910296,4.78
GR,2025-01,-0.356132171712864,3.79,16.452798971086512,4.59
GR,2025-02,-0.3753218534269797,3.62,17.268736976828936,
GR,2025-03,-0.3639985261133294,3.65,17.460808569844176,
GR,2025-04,-0.1893824576090219,3.63,17.893022994171414,4.23
GR,2025-05,0.1812011760867982,3.68,18.016723025680868,3.99
GR,2025-06,0.63555340538064,3.6,16.708915571060736,4.02
GR,2025-07,0.8573590101273343,3.53,16.66258230370543,3.83
GR,2025-08,1.0305776902768349,3.58,16.892691582212404,3.74
GR,2025-09,1.2621232688946105,3.55,16.896916275303987,
GR,2025-10,1.601050957037553,3.52,12.420589071741617,
GR,2025-11,1.8801307614602525,3.5,10.89836301907383,4.18
GR,2025-12,2.4583357050299792,3.43,12.543877767168809,3.53
GR,2026-01,2.5877858663138964,3.49,12.15394514251209,
GR,2026-02,2.7374572872016945,3.45,11.408393124836858,4.06
GR,2026-03,3.2286666364439887,3.4,11.381991539784009,
GR,2026-04,3.052815189629388,3.35,10.677328210661296,
GR,2026-05,2.8593509950026963,3.31,10.976894050613817,
GR,2026-06,2.829285400620707,3.26,11.281067781449284,4.26
GR,2026-07,2.6944624996934063,3.27,10.740583535412252,4.28
GR,2026-08,2.583173413297257,3.3,10.490203616542871,
HR,2019-01,6.452429351550082,,3.271612887809283,2.43
HR,2019-02,6.410499507633771,,3.34502194183095,2.36
HR,2019-03,6.609036245979016,,2.6766069689055483,2.43
HR,2019-04,6.73437696875363,,1.716276108482484,2.33
HR,2019-05,6.941622284026727,,1.8208543854617787,2.28
HR,2019-06,6.792115131278731,,0.474565429598961,2.32
HR,2019-07,6.975715177947284,,0.4078164508684256,2.11
HR,2019-08,6.789838544985649,,0.9603987487247112,1.78
HR,2019-09,7.02165483228725,,0.2370564527241159,1.84
HR,2019-10,7.168861924465109,,1.1706436183213986,1.92
HR,2019-11,7.230363428501185,,3.0066374283234776,1.8
HR,2019-12,7.659249006964619,,4.411452679599681,1.6
HR,2020-01,7.666552305772956,,4.594128668041209,1.73
HR,2020-02,7.693412196118499,,5.879694278509806,1.63
HR,2020-03,7.461295209718322,,10.481308349572416,1.52
HR,2020-04,5.486528060483398,,9.332055941115458,2.61
HR,2020-05,4.919020189137746,,8.774713830665327,2.66
HR,2020-06,4.9253644060052615,,9.00377111469659,2.28
HR,2020-07,4.780927962800852,,7.807303503307073,2.24
HR,2020-08,4.678795039709804,,6.324919625520575,2.09
HR,2020-09,4.551714483211877,,6.335629151274569,1.97
HR,2020-10,3.875204058715287,,5.598047613263435,2.34
HR,2020-11,3.17549649462372,,4.428335319821541,1.77
HR,2020-12,2.6459857534454345,,6.8943076733636754,2.07
HR,2021-01,2.5539477199926,,7.290542020037227,1.72
HR,2021-02,2.447928004009836,,5.47673105871842,1.58
HR,2021-03,2.008461616787738,,0.8908003260953201,2.0
HR,2021-04,3.161926848024033,,1.3261655537442074,1.78
HR,2021-05,3.135857433030309,,1.8088086797462437,1.57
HR,2021-06,3.670279917562791,,1.542737008148798,2.05
HR,2021-07,4.454015315161852,,2.431732639594264,1.8
HR,2021-08,4.432020739098785,,2.315278158455536,1.51
HR,2021-09,4.51397768489179,,1.961535117569424,1.9
HR,2021-10,4.593301265056771,,2.942093339074736,1.57
HR,2021-11,4.628598487841029,,3.428514338037192,1.25
HR,2021-12,4.592246961303292,,2.5388693562392595,1.61
HR,2022-01,4.383524024410623,,1.8772225351282312,1.84
HR,2022-02,4.267506661591591,,3.7890141021381,1.56
HR,2022-03,4.667748588941212,,8.46577841929177,1.72
HR,2022-04,5.036656487185365,,11.213192632455616,1.77
HR,2022-05,5.761116313462322,,12.902163886215634,1.42
HR,2022-06,5.934795820616623,,13.401566062604877,1.81
HR,2022-07,5.668001155595137,,16.867536947902863,1.76
HR,2022-08,5.82024636845031,,18.53389401480205,1.82
HR,2022-09,5.703517671463976,,22.590812942504225,2.73
HR,2022-10,5.596154673400355,,23.23598496769668,2.77
HR,2022-11,5.783762534916592,,22.66992655794777,2.58
HR,2022-12,5.736936814277316,,20.719319917286903,3.48
HR,2023-01,5.539333670033408,2.89,21.658936261459186,3.38
HR,2023-02,5.644038350165892,2.97,20.012968962703816,3.92
HR,2023-03,5.845930221465534,2.93,15.564542723788378,3.97
HR,2023-04,6.076699218864445,2.99,15.534325656961755,4.62
HR,2023-05,6.291210215580523,2.98,13.933340014798956,4.65
HR,2023-06,6.392516301352713,3.07,13.697282637556096,4.91
HR,2023-07,6.729776547031463,3.25,10.632110655555206,4.8
HR,2023-08,7.418101798072607,3.46,10.429947657381945,4.98
HR,2023-09,8.03560721363139,3.52,7.922677722258231,4.89
HR,2023-10,8.493071772425154,3.57,6.517247167247775,5.21
HR,2023-11,9.027033752858804,3.61,6.501968698220839,5.17
HR,2023-12,9.484640650202625,3.58,6.571929559975853,5.29
HR,2024-01,10.339691609240331,3.62,3.623807206692331,5.12
HR,2024-02,10.82181619900908,3.7,3.110409267131642,5.21
HR,2024-03,10.838713725212546,3.73,4.066795624459352,5.04
HR,2024-04,11.487426672702815,3.73,3.897942940847976,5.06
HR,2024-05,11.306715580190671,3.71,4.170364561924966,5.16
HR,2024-06,11.065942869326229,3.71,5.067624739969623,5.17
HR,2024-07,11.044970423817446,3.73,4.545600226977276,4.91
HR,2024-08,10.701148668178728,3.74,3.9017450798366937,4.72
HR,2024-09,10.71920680081151,3.71,3.9323587608837594,4.81
HR,2024-10,12.116107632713891,3.71,4.774797380284146,4.43
HR,2024-11,11.932043785483092,3.71,5.478972597664455,4.49
HR,2024-12,11.996858843786784,3.69,6.762076258095995,4.33
HR,2025-01,12.16189711538538,3.59,11.812602627200718,4.35
HR,2025-02,12.148023169800815,3.17,13.250795498915991,3.96
HR,2025-03,12.32711801427804,2.94,12.46906082599324,3.71
HR,2025-04,12.536561405476366,2.91,12.185352218024526,3.69
HR,2025-05,12.84026469223598,2.91,11.988147730238286,3.56
HR,2025-06,13.79482600688613,2.93,12.192171608428891,3.51
HR,2025-07,14.009435943574331,2.98,12.985531229764046,3.29
HR,2025-08,13.834940585384636,2.98,12.33387527048797,3.62
HR,2025-09,13.847871424363124,3.01,12.995484745511066,3.24
HR,2025-10,12.777333492365983,3.03,13.200217692702388,3.43
HR,2025-11,12.737631747438405,3.03,13.459525144819562,3.33
HR,2025-12,12.936584699116093,3.04,12.252277673442505,3.52
HR,2026-01,12.509037116643928,3.03,10.21149771884764,3.39
HR,2026-02,12.589400286787278,3.05,8.948286957170627,3.43
HR,2026-03,12.587059874276708,2.99,9.322516651033874,3.58
HR,2026-04,12.255163447590832,2.95,9.501392260406538,3.48
HR,2026-05,11.824209629732763,2.92,11.483285179645677,3.26
HR,2026-06,10.882376292816163,2.9,9.297797965180576,3.57
HR,2026-07,10.593253568861716,2.91,10.983683615752504,3.53
HR,2026-08,10.712365165205796,2.91,11.061961762248009,3.98
IE,2019-01,-0.710117823832257,2.99,4.204854411342796,3.18
IE,2019-02,-0.6604165543007023,2.97,6.836886842737577,2.98
IE,2019-03,-0.5496288156164986,2.98,4.8326804371820575,2.95
IE,2019-04,-0.4461808090930219,3.0,3.326694665725727,2.76
IE,2019-05,-0.2730987962429432,3.01,6.751326576491201,2.42
IE,2019-06,-0.2577848804778626,2.97,5.761010433646607,2.41
IE,2019-07,-0.213890854275367,2.96,6.7973873482731095,2.96
IE,2019-08,-0.1840468162069619,2.93,5.421722234387572,2.77
IE,2019-09,0.0375040999752052,2.95,3.772749958187638,3.16
IE,2019-10,-0.0301950750927648,2.92,3.810469742434841,3.15
IE,2019-11,0.0395892308030054,2.88,1.990069796579741,3.61
IE,2019-12,0.0732865985311859,2.89,2.3178418953538227,2.5
IE,2020-01,-0.0435078442294067,2.88,1.0896589280712243,2.97
IE,2020-02,-0.0236151508256732,2.88,0.5664207093608598,3.24
IE,2020-03,-0.0901746878625875,2.78,12.057642059901475,2.22
IE,2020-04,-0.507282937050102,2.8,16.26814000240737,2.12
IE,2020-05,-0.8198646460191639,2.85,14.393510905044838,2.12
IE,2020-06,-0.9253374569989424,2.79,11.11700777964344,2.73
IE,2020-07,-1.2980646246249838,2.84,9.339408821638218,2.74
IE,2020-08,-1.3363664329466785,2.85,11.484823226594145,2.83
IE,2020-09,-1.4758363806922747,2.83,9.012521611783452,2.87
IE,2020-10,-1.416183725545328,2.82,7.389455989316085,2.87
IE,2020-11,-1.519400300173157,2.81,6.326855685122101,2.63
IE,2020-12,-1.5197027098754037,2.79,8.441072788472038,2.74
IE,2021-01,-1.660945719184448,2.79,11.000595850532855,2.69
IE,2021-02,-1.7536986852056955,2.81,9.6842296980453,3.04
IE,2021-03,-1.8609697710810005,2.81,2.860591989404182,2.17
IE,2021-04,-1.8076048936988445,2.7,1.224036576062737,2.39
IE,2021-05,-1.7143871394896482,2.79,1.2370901240885912,2.62
IE,2021-06,-1.6791403733995014,2.77,6.963160736738727,2.66
IE,2021-07,-1.4802683179160003,2.73,9.309371852418336,2.79
IE,2021-08,-1.4368882078671263,2.76,7.960871113204582,3.02
IE,2021-09,-1.5233446387638905,2.75,15.26269417763315,2.59
IE,2021-10,-1.5362118255194068,2.7,20.20332665018285,3.1
IE,2021-11,-1.4536397401392898,2.74,20.608577283069085,3.1
IE,2021-12,-1.6255920225367704,2.72,23.131567328132373,2.37
IE,2022-01,-1.5865186953178068,2.72,25.8084696252904,2.56
IE,2022-02,-1.5022829091289824,2.79,24.56024941075674,3.21
IE,2022-03,-1.515532453215318,2.81,25.38501954193768,2.39
IE,2022-04,-1.268273793511765,2.72,25.45783715048584,3.16
IE,2022-05,-1.081495028816537,2.82,26.458490008255264,3.19
IE,2022-06,-1.3273919588717489,2.81,26.57028277716229,3.22
IE,2022-07,-1.391430448025388,2.76,25.35687878211621,2.67
IE,2022-08,-1.6385569386216825,2.77,28.697081089741918,3.3
IE,2022-09,-1.6005084821987148,2.78,25.17124102627506,4.11
IE,2022-10,-1.544534078109494,2.74,21.02522891277141,3.66
IE,2022-11,-1.4288291088258354,2.78,19.429443212935183,4.58
IE,2022-12,-1.2067682266696522,2.84,15.533181382859308,4.7
IE,2023-01,-0.9776639193198045,3.0,11.298904633261886,4.27
IE,2023-02,-0.750252055691425,3.1,12.925848444971688,4.9
IE,2023-03,-0.5217868643771384,3.46,10.125249106918275,5.72
IE,2023-04,-0.1842081229381675,3.55,7.024572841509857,5.6
IE,2023-05,0.001445234006292,3.77,5.877414064398212,6.05
IE,2023-06,0.3929299662170704,3.96,2.253846107798973,5.57
IE,2023-07,0.8236988439584314,4.02,0.7493497466725119,5.78
IE,2023-08,1.2937896525993198,4.07,-1.014633862782377,5.78
IE,2023-09,1.464745528669864,4.19,-0.099394874053893,5.66
IE,2023-10,1.6454424774144494,4.23,1.158640294904134,5.84
IE,2023-11,1.7130861416474683,4.22,1.8727020420716836,6.04
IE,2023-12,1.8102256825874408,4.17,2.473376206793909,5.69
IE,2024-01,1.8773805503149887,4.21,2.287604349466732,6.01
IE,2024-02,1.7168157404423343,4.23,2.305668235587799,6.09
IE,2024-03,1.8852283883165064,4.22,0.9766146771513328,6.51
IE,2024-04,1.802356118765336,4.16,2.2325573467691706,6.45
IE,2024-05,1.8585136654463372,4.04,2.116642019778814,5.83
IE,2024-06,2.1544087901943065,4.01,2.7081290513653933,5.52
IE,2024-07,2.258960041298086,4.01,6.87380591960145,6.4
IE,2024-08,2.2002297822747208,4.01,5.4487240753547495,5.69
IE,2024-09,2.439318895320408,3.93,7.349584634141859,4.08
IE,2024-10,2.569257859911356,3.81,3.241057959126392,5.07
IE,2024-11,2.7373097744126884,3.88,4.80048704120839,5.19
IE,2024-12,3.0382731028911536,3.69,6.5126885225906594,5.56
IE,2025-01,3.113599821916657,3.69,5.466711206615149,5.05
IE,2025-02,3.229204749327708,3.67,5.342857617551178,5.66
IE,2025-03,3.5979807055910085,3.68,7.816301030936579,5.92
IE,2025-04,3.8365240269660816,3.69,7.237463492511531,5.41
IE,2025-05,3.996159229273655,3.6,4.881323998598464,4.67
IE,2025-06,4.001141194063407,3.6,6.217052873039686,4.89
IE,2025-07,4.230912033024192,3.59,1.9272396679890225,4.82
IE,2025-08,4.4676507001989885,3.58,3.777281465720672,4.58
IE,2025-09,4.748150415615182,3.58,1.300216455449954,4.84
IE,2025-10,4.859653096274696,3.57,5.591738254243195,5.0
IE,2025-11,5.009641279868138,3.53,4.9984867654151,3.48
IE,2025-12,5.058030465189356,3.5,3.151284342148064,3.62
IE,2026-01,5.292660489025969,3.51,2.9593908329881518,4.22
IE,2026-02,5.353326725984298,3.5,5.103249000448762,3.75
IE,2026-03,5.246539843920361,3.51,7.542335333848227,4.18
IE,2026-04,5.101320870524817,3.53,7.6187452311720305,4.31
IE,2026-05,5.122212586214303,3.51,12.053746995116432,4.31
IE,2026-06,5.274538016304375,3.5,11.705513163776128,4.21
IE,2026-07,5.174528597400041,3.52,15.2711344304012,4.57
IE,2026-08,5.308698820579738,3.52,13.597605398474276,4.43
IT,2019-01,2.74814634794065,1.95,-0.3600617647456783,1.47
IT,2019-02,2.768042054337738,1.91,0.2649614086194685,1.52
IT,2019-03,2.70528873005933,1.82,-0.2254229539148555,1.42
IT,2019-04,2.717906775011114,1.86,-0.2448108063549336,1.46
IT,2019-05,2.6855896734812923,1.85,-0.3169108731028602,1.43
IT,2019-06,2.5402259665609384,1.77,-0.8505124416991805,1.35
IT,2019-07,2.501483334764032,1.7,-0.7739459658819503,1.37
IT,2019-08,2.445245779290861,1.7,-1.0069282016886285,1.26
IT,2019-09,2.5113560608710284,1.43,-1.2570457089083886,1.26
IT,2019-10,2.449532063968518,1.39,-1.2718144056604763,1.31
IT,2019-11,2.3897970569377147,1.41,-1.6428897413848342,1.29
IT,2019-12,2.5871365965105757,1.43,-1.7866041745280723,1.37
IT,2020-01,2.560009638389449,1.44,-0.983319767353763,1.18
IT,2020-02,2.553368890148122,1.4,-1.093220895748892,1.25
IT,2020-03,1.822703633204159,1.37,1.7338472830530582,1.05
IT,2020-04,1.2552961069673518,1.4,2.212557912402513,1.06
IT,2020-05,1.366703902195221,1.33,2.339380774832467,1.21
IT,2020-06,1.7358744652608005,1.28,3.9307598800586208,1.26
IT,2020-07,1.82055539707402,1.27,4.780375487461219,1.19
IT,2020-08,2.0196758346503696,1.33,6.172008221890879,1.15
IT,2020-09,2.1858821777463344,1.27,6.936003168879545,1.29
IT,2020-10,2.2104452381904283,1.27,7.22207757020934,1.29
IT,2020-11,2.308570791831044,1.28,7.85789887838666,1.33
IT,2020-12,2.3609593877532253,1.25,8.296657306916044,1.38
IT,2021-01,2.2468771768983764,1.27,7.378721922354137,1.17
IT,2021-02,2.413850008078544,1.29,7.623834338385294,1.14
IT,2021-03,3.250949630441058,1.37,5.719347015036402,1.25
IT,2021-04,4.021631677930326,1.38,4.466943309403315,1.19
IT,2021-05,3.951496889179773,1.4,4.651626827525468,1.13
IT,2021-06,3.847133015437265,1.42,3.900959169385465,1.17
IT,2021-07,3.805981088823973,1.4,1.8487305212262493,1.05
IT,2021-08,3.679253971901209,1.46,1.3645278163748165,1.07
IT,2021-09,3.6200411473217287,1.39,0.9360181274233216,1.16
IT,2021-10,3.578200902532047,1.43,0.9209070597298474,1.14
IT,2021-11,3.7036816478634327,1.44,0.8068960378715406,1.09
IT,2021-12,3.7022548692308144,1.4,1.8467086859060176,1.18
IT,2022-01,3.716242802205638,1.45,1.048411093754531,1.12
IT,2022-02,3.7917321730485343,1.49,1.4808681818699876,1.09
IT,2022-03,3.926939247669492,1.65,1.613313796454774,1.23
IT,2022-04,3.812809294162278,1.83,1.914785927454288,1.23
IT,2022-05,3.9432174399198106,1.97,2.498102088741927,1.19
IT,2022-06,4.007174638813793,2.18,2.8796079237984884,1.44
IT,2022-07,3.914874464797613,2.41,4.126870067382238,1.31
IT,2022-08,4.037195514163261,2.27,5.1750259908754925,1.45
IT,2022-09,4.0844997094596325,2.64,4.829174056836472,1.99
IT,2022-10,3.9069099123160367,3.11,3.521991919497069,2.54
IT,2022-11,3.698312280485183,3.4,2.960144635002604,3.0
IT,2022-12,3.3034037150249773,3.34,0.0504585476480023,3.55
IT,2023-01,3.0641625599324707,3.68,0.5607697082040675,3.72
IT,2023-02,2.5617894725296075,3.79,-0.0695913423190308,3.55
IT,2023-03,2.0039914909214973,4.02,-0.5584064953035539,4.3
IT,2023-04,1.4936453326068078,4.15,-1.4046670791047045,4.52
IT,2023-05,0.9109450412958964,4.23,-2.356550849694328,4.81
IT,2023-06,0.2971140743017297,4.24,-2.9713985511812813,5.04
IT,2023-07,-0.1503690871109797,4.23,-3.731042648473815,5.09
IT,2023-08,-0.4880215013784772,4.35,-6.179793368782272,5.01
IT,2023-09,-0.8366845100486353,4.34,-6.8286936732488535,5.35
IT,2023-10,-1.0034702307369137,4.36,-5.495849157293876,5.46
IT,2023-11,-1.1906727936260797,4.61,-5.041592106476045,5.59
IT,2023-12,-1.3125563580864696,4.4,-3.834347301094587,5.45
IT,2024-01,-1.3363238453905746,4.19,-4.242826459362759,5.48
IT,2024-02,-1.4076176770006057,4.17,-4.065336320858803,5.34
IT,2024-03,-1.4529093553344086,4.11,-4.240385204366093,5.26
IT,2024-04,-1.2938041019369684,4.04,-3.749654613855313,5.3
IT,2024-05,-1.1048369158824125,3.99,-3.479502225366393,5.38
IT,2024-06,-1.029425454877109,3.85,-3.5357346907028298,5.26
IT,2024-07,-0.6665803363191003,3.63,-4.023234611176951,5.28
IT,2024-08,-0.6611592893405627,3.84,-3.3548367057680606,5.13
IT,2024-09,-0.4537318091876852,3.64,-2.269887308827967,4.9
IT,2024-10,-0.1881054087505496,3.58,-2.9797949895162046,4.7
IT,2024-11,-0.08387054557355,3.48,-3.4072125365908867,4.53
IT,2024-12,0.2626446796295756,3.31,-2.0221903231092075,4.4
IT,2025-01,0.485392373460991,3.15,-1.8186447948471571,4.13
IT,2025-02,0.7814626603134256,3.27,-1.745688299456616,3.99
IT,2025-03,1.1688946072474726,3.21,-0.8344323635008033,3.92
IT,2025-04,1.4406890871216935,3.3,-0.5173607288524784,3.76
IT,2025-05,1.5953326969000423,3.19,-1.0588675076047993,3.66
IT,2025-06,1.8798841811777045,3.2,0.4267602054204511,3.6
IT,2025-07,2.0168643608269754,3.19,0.7111753725940861,3.5
IT,2025-08,2.0707349858320567,3.28,1.1289680256664214,3.39
IT,2025-09,2.196802077339433,3.28,1.2116345844715548,3.38
IT,2025-10,2.3112940096801315,3.32,1.1629233561360808,3.53
IT,2025-11,2.392287121243841,3.3,1.8959531259027829,3.52
IT,2025-12,2.4850872752415043,3.4,2.013520996398777,3.59
IT,2026-01,2.511266690543823,3.5,1.909608414668562,3.53
IT,2026-02,2.580505664189059,3.46,2.0537484947959594,3.33
IT,2026-03,2.666205010771128,3.39,3.1279382053245763,3.38
IT,2026-04,2.623039201362065,3.52,3.4979117941858817,3.56
IT,2026-05,2.6195967188386904,3.54,4.065524117894381,3.67
IT,2026-06,2.6674470235109604,3.54,3.98687813248757,3.7
IT,2026-07,2.614677653643516,3.49,4.642012489889313,3.79
IT,2026-08,2.87541120747834,3.58,4.700764089497,3.71
LT,2019-01,8.820194436147677,2.47,5.695769167875975,3.26
LT,2019-02,8.375051665444433,2.36,2.845207041628295,3.3
LT,2019-03,8.486380334470756,2.5,3.300661089569079,2.36
LT,2019-04,8.792969641700509,2.52,1.0730003217059192,3.12
LT,2019-05,8.622686161838411,2.44,-0.8990051891832218,3.17
LT,2019-06,8.420424939854488,2.44,-2.338206731976855,2.68
LT,2019-07,8.523926085983513,2.48,-2.564988024379311,3.12
LT,2019-08,8.503234089303536,2.42,-1.903470091720472,3.07
LT,2019-09,8.356095969825471,2.45,-0.0320403426995463,2.88
LT,2019-10,7.8864625883488415,2.42,0.3683094792402475,3.06
LT,2019-11,7.489520363430802,2.37,-0.300761289243312,3.06
LT,2019-12,7.079935413630345,2.37,-0.6792817705645993,3.0
LT,2020-01,7.192940244143053,2.36,-0.7318819132794196,2.75
LT,2020-02,7.913568234779622,2.36,-0.9444197982337532,3.23
LT,2020-03,7.678811127751883,2.28,-1.7329575149696574,3.11
LT,2020-04,7.159433763139655,2.26,-2.776626234307278,2.95
LT,2020-05,6.950823009616913,2.32,-7.559904087718749,2.77
LT,2020-06,6.571421092166574,2.35,-8.939487083809306,2.31
LT,2020-07,6.296901182268644,2.35,-9.738560887810642,3.16
LT,2020-08,6.136827817213009,2.32,-11.783064681887955,2.8
LT,2020-09,6.08292075721224,2.32,-11.14654882435473,2.91
LT,2020-10,6.021223481444538,2.27,-11.98835617593872,2.77
LT,2020-11,6.038573948553383,2.24,-12.55518182452311,3.18
LT,2020-12,6.103874319279101,2.21,-13.993976943530416,2.56
LT,2021-01,5.892225493492043,2.2,-14.356620266335971,2.71
LT,2021-02,5.731247053067889,2.23,-14.248394524686148,3.03
LT,2021-03,6.310256207980092,2.19,-12.45928719348509,2.87
LT,2021-04,6.764631710665614,2.19,-9.884351957291337,2.92
LT,2021-05,7.172225614404026,2.18,-5.977892844142208,2.27
LT,2021-06,7.925749530144066,2.2,-5.041429805728582,2.62
LT,2021-07,8.415422734954126,2.19,-1.0577595424046016,2.23
LT,2021-08,8.700344054331065,2.15,1.4383277581449194,2.65
LT,2021-09,8.825293374570876,2.14,0.940328516942346,2.55
LT,2021-10,9.042581878907365,2.16,5.191182874318612,2.71
LT,2021-11,9.856338539424492,2.05,6.829888650775673,2.54
LT,2021-12,10.380284201535428,2.07,11.199309340229412,2.77
LT,2022-01,11.312964591358622,2.06,15.15197117562874,3.12
LT,2022-02,11.245801200296391,2.03,16.551268568590483,2.58
LT,2022-03,11.27508919061302,2.0,16.357674571146962,3.14
LT,2022-04,11.520108761542858,2.02,18.70634224304699,2.99
LT,2022-05,11.808556249112367,2.01,16.84299803045186,2.53
LT,2022-06,11.870995804501172,2.12,18.15483342284203,2.89
LT,2022-07,11.960144105167458,2.42,16.887114235734014,3.41
LT,2022-08,12.512957695910456,2.76,20.15284120651997,3.63
LT,2022-09,12.892007168197672,3.45,21.84646156673342,3.97
LT,2022-10,13.05160166020669,3.83,18.31072961574669,4.1
LT,2022-11,12.41606999339606,4.08,17.660903965781173,4.37
LT,2022-12,11.928066401271398,4.35,18.5833063967892,4.86
LT,2023-01,10.952809944390276,4.6,11.440625163898344,4.75
LT,2023-02,11.096281229491645,4.87,10.12266982751131,5.33
LT,2023-03,10.972776507534366,5.03,10.312955330765329,5.28
LT,2023-04,10.514472737494795,5.27,7.921439910183792,5.62
LT,2023-05,10.022372034286596,5.39,7.704533681344539,6.34
LT,2023-06,9.72601773976207,5.58,8.095040191037285,6.26
LT,2023-07,9.197620465964707,5.71,7.155022448019777,6.27
LT,2023-08,8.659108117801239,5.76,3.3369675374938845,6.66
LT,2023-09,8.26681085243688,5.81,3.707981429470664,6.58
LT,2023-10,8.112290606888429,5.89,4.963026504632895,7.0
LT,2023-11,7.980735311633991,5.86,4.758882781450691,6.67
LT,2023-12,7.827599528634166,5.64,4.89936932180004,6.41
LT,2024-01,7.843603231892282,5.72,6.850586224508248,6.54
LT,2024-02,7.810418116689299,5.73,6.660056222905064,6.43
LT,2024-03,7.594963783550179,5.68,8.538438569555895,6.4
LT,2024-04,7.819969184484554,5.59,7.942935949187269,6.31
LT,2024-05,8.041698359034278,5.5,9.041773267451036,6.65
LT,2024-06,8.141668202386665,5.45,10.087115659436384,6.44
LT,2024-07,8.526577460229356,5.37,12.953142094149328,6.41
LT,2024-08,8.816095424073067,5.17,11.862704359908594,6.21
LT,2024-09,9.233661435284567,5.02,10.873927025410769,5.93
LT,2024-10,10.28207130737524,4.77,10.917933835501437,5.62
LT,2024-11,10.902095855187156,4.56,12.5909237444205,5.48
LT,2024-12,11.651490168283196,4.39,14.520953810883718,5.31
LT,2025-01,12.074912484965903,4.38,15.511916832576912,5.63
LT,2025-02,12.746708935505556,4.32,16.539623325994302,5.16
LT,2025-03,13.666337405332074,4.21,14.956474401941389,4.98
LT,2025-04,14.5001191544202,4.07,16.622511899218708,4.58
LT,2025-05,15.367247873611278,3.91,19.108530923722668,4.73
LT,2025-06,16.062669989547018,3.74,19.242705351685064,4.53
LT,2025-07,17.236038780536145,3.68,15.744175825493611,4.55
LT,2025-08,17.971439776903587,3.66,17.90443699346367,4.93
LT,2025-09,18.74511740215852,3.64,20.2085317606856,4.48
LT,2025-10,18.79109480205572,3.64,19.94291283376912,4.47
LT,2025-11,19.35751185832397,3.68,20.032743030537613,4.86
LT,2025-12,19.580746520060345,3.69,16.90709256610081,4.53
LT,2026-01,19.945365442484157,3.67,18.613166661831748,4.63
LT,2026-02,20.14722579883108,3.67,20.87225558254131,4.41
LT,2026-03,20.490451479971483,3.78,18.344906248066597,4.62
LT,2026-04,19.63098207992713,3.87,17.597259070034067,4.82
LT,2026-05,19.319404856873955,3.94,17.849012489802973,5.04
LT,2026-06,20.59845634644042,4.03,16.99073330623446,4.89
LT,2026-07,20.19731188819418,4.1,18.112246927656315,4.83
LT,2026-08,20.17421035243081,4.16,16.64859715561309,5.01
LU,2019-01,7.117078551196854,1.71,5.556268462379288,
LU,2019-02,6.892918777686585,1.69,6.145691309136825,
LU,2019-03,6.324798489425332,1.64,3.5355586596195865,1.35
LU,2019-04,6.116091939086177,1.62,6.656006328155728,1.22
LU,2019-05,3.5840168022410968,1.61,6.4898325146710345,1.07
LU,2019-06,3.510505542610676,1.57,2.3530802524013072,1.11
LU,2019-07,3.8959225527732455,1.52,3.4128427591675337,1.11
LU,2019-08,3.44893339697383,1.47,4.466151837698495,1.16
LU,2019-09,3.038822458855295,1.41,3.453912569271478,1.05
LU,2019-10,3.597219978554045,1.37,8.33745564024715,1.19
LU,2019-11,3.820622354440739,1.34,5.915959238709156,1.14
LU,2019-12,2.568657336656388,1.35,4.863306306108761,1.28
LU,2020-01,3.3285346075390576,1.39,3.5670199260974256,1.18
LU,2020-02,4.227071587223863,1.38,3.611690902258857,
LU,2020-03,3.097436962840594,1.39,14.745135897718333,1.1
LU,2020-04,3.331350438480407,1.38,14.070135407198723,1.17
LU,2020-05,6.1916242313653,1.35,11.663915003044778,1.21
LU,2020-06,6.26083659458716,1.34,8.981551781599762,1.08
LU,2020-07,6.540323635438883,1.35,6.312248526080988,1.16
LU,2020-08,6.810247697206551,1.33,4.764927755910242,
LU,2020-09,7.116588502795063,1.31,2.798604689402429,1.31
LU,2020-10,7.277617687350513,1.3,1.1443232260379466,
LU,2020-11,7.203092526078492,1.3,0.461498257424453,1.24
LU,2020-12,7.6641673937298815,1.25,-1.5968031513005632,1.17
LU,2021-01,7.095250808894793,1.28,-3.0344516937895305,
LU,2021-02,6.67607450698271,1.29,-3.968032539033561,
LU,2021-03,8.478474746691056,1.28,-12.169000147436847,
LU,2021-04,9.815067720925995,1.32,-13.161094992824186,
LU,2021-05,10.134641973304603,1.32,-14.491138525499617,1.04
LU,2021-06,10.647179184319544,1.34,-12.588202559560136,1.0
LU,2021-07,10.015698423325324,1.35,-12.91912464917906,1.23
LU,2021-08,9.864405109758255,1.35,-12.282817391838242,1.07
LU,2021-09,9.942790629395116,1.31,-9.604292996242902,1.03
LU,2021-10,10.100208843426618,1.31,-7.806897719169548,
LU,2021-11,10.877162002314478,1.33,-7.04830124747593,1.12
LU,2021-12,10.012586759394893,1.36,-4.716741300975135,1.21
LU,2022-01,10.754454042531105,1.38,-1.9516618851560863,
LU,2022-02,10.715320478232382,1.44,-1.7856844575908637,1.1
LU,2022-03,11.317031365641794,1.55,-0.7366195133449049,1.15
LU,2022-04,9.583968141565524,1.66,0.9158623203361804,1.1
LU,2022-05,9.845602305338176,1.81,2.1839682975220542,1.23
LU,2022-06,10.417738601530235,1.94,1.2100226891766042,1.15
LU,2022-07,9.854284453546992,2.12,3.35505116342798,1.26
LU,2022-08,10.00835966099871,2.27,2.864062662390854,
LU,2022-09,9.374981336847688,2.3,3.104879253100523,1.87
LU,2022-10,8.844101607624033,2.81,3.928621809314703,
LU,2022-11,8.787820102324574,3.01,3.056116870484571,2.55
LU,2022-12,8.060437809455046,3.14,2.6537550547659494,2.9
LU,2023-01,6.6951739415900935,3.57,0.4913791516330201,2.95
LU,2023-02,5.634451235766469,3.68,1.060273952431379,3.11
LU,2023-03,3.7429577553697024,3.83,0.9949802430673004,3.65
LU,2023-04,4.025424838710312,4.02,-2.5458045368508486,3.29
LU,2023-05,2.497624553667044,4.22,-8.108940228904494,
LU,2023-06,0.8797710004069703,4.24,-8.564974550039228,
LU,2023-07,0.5737031206114684,4.28,-9.629633880234634,3.39
LU,2023-08,-0.3661849210509604,4.33,-8.588013709310383,3.22
LU,2023-09,-0.7634102017918698,4.35,-11.098344031505135,3.69
LU,2023-10,-2.6484098451246,4.34,-13.39497598010595,3.85
LU,2023-11,-4.7865264291349074,4.43,-11.52235060294622,4.02
LU,2023-12,-4.252272663839651,4.49,-12.76694275485396,4.59
LU,2024-01,-4.832479488469832,4.34,-11.513677855439674,
LU,2024-02,-4.580654492573,4.24,-11.42575461886276,3.87
LU,2024-03,-4.477360680524023,4.23,-13.60515766470256,
LU,2024-04,-4.63787717185965,4.22,-11.69803417897164,
LU,2024-05,-4.384269199165591,4.21,-7.663917589257219,3.5
LU,2024-06,-3.54438664155895,4.17,-7.445793881355578,3.85
LU,2024-07,-3.66884629748625,4.03,-7.792380813021582,
LU,2024-08,-2.8970410802620084,4.04,-8.345819063621718,3.73
LU,2024-09,-2.147227106744143,3.9,-4.256014525075901,4.09
LU,2024-10,-1.7361809359207947,3.82,-5.296086490701213,3.71
LU,2024-11,0.209989374050501,3.74,-7.536295369759694,3.61
LU,2024-12,0.6175719785041833,3.57,-5.396208798415692,3.88
LU,2025-01,1.707015240781118,3.57,-7.905638295115236,3.68
LU,2025-02,1.8571281676494689,3.57,-8.3000120991355,
LU,2025-03,2.316218505742396,3.56,-8.366807114189534,
LU,2025-04,2.807933174661681,3.47,-7.08992946458501,2.54
LU,2025-05,4.200840466009703,3.42,-6.65078131318081,
LU,2025-06,4.32029925194195,3.37,-2.451418608834033,
LU,2025-07,4.751378734781553,3.34,-3.00312733483743,2.72
LU,2025-08,4.837565245475117,3.33,0.3283665262011181,2.66
LU,2025-09,4.783422659179037,3.33,-1.228500380119324,
LU,2025-10,6.66871324899978,3.44,1.3205664155144126,3.07
LU,2025-11,6.858086554822584,3.42,3.367039814655648,3.07
LU,2025-12,5.594748030224461,3.47,5.405363344342362,
LU,2026-01,5.19182558803406,3.39,5.570856365518484,
LU,2026-02,5.240049336309838,3.46,6.090773396076377,2.75
LU,2026-03,5.701250608140729,3.47,6.838794700783524,2.94
LU,2026-04,6.26947727517293,3.52,4.562256774692863,2.66
LU,2026-05,5.677901376076733,3.55,7.146749032354194,2.5
LU,2026-06,4.986909546595086,3.59,5.345921887375371,
LU,2026-07,5.44681490296719,3.56,7.947715502630848,2.97
LU,2026-08,5.6950673703791255,3.63,5.278965468436847,2.95
LV,2019-01,0.9639188537994724,2.76,3.915226731846566,2.48
LV,2019-02,1.19962791598478,2.75,2.8949509429401,2.64
LV,2019-03,1.4067166747735893,2.97,3.821781945276226,3.3
LV,2019-04,1.1826694897477896,2.91,6.051063573794391,
LV,2019-05,1.1278880431883298,2.73,8.132375923570766,
LV,2019-06,1.280070762832941,2.58,5.730705149759352,3.46
LV,2019-07,1.2911451358441628,2.72,5.380684650728362,
LV,2019-08,1.0116692176490805,2.75,5.077178061771925,3.01
LV,2019-09,1.1797513058537934,2.74,4.589997835624238,
LV,2019-10,1.0419961418907109,2.67,5.552530508837017,3.79
LV,2019-11,0.9595816583519046,2.63,3.69698462403949,3.55
LV,2019-12,0.8712382488599291,2.6,-0.6237681049066857,3.44
LV,2020-01,0.6959355332988526,2.53,0.0467268917355934,3.38
LV,2020-02,0.6971730050134628,2.6,-0.3510808983113178,
LV,2020-03,0.6825808807072953,2.3,0.2769229802950468,
LV,2020-04,0.6242529606001579,2.28,0.1285770108143236,
LV,2020-05,0.2529822754593791,2.76,0.031637092842307,3.59
LV,2020-06,-0.025885069893905,2.68,1.4739600570633504,2.85
LV,2020-07,-0.1372975582566771,2.78,0.5712547471995455,
LV,2020-08,0.048275865091707,2.7,0.238559889751766,3.06
LV,2020-09,0.2133186088656646,2.72,0.6177491667510138,
LV,2020-10,0.232611202072519,2.64,-0.2570321733952885,
LV,2020-11,0.3359046236685481,2.53,0.3931672199568137,3.24
LV,2020-12,0.5109881209114153,2.5,-0.6592264607131137,3.11
LV,2021-01,0.4283640361227192,2.45,-0.7985540650127687,3.11
LV,2021-02,0.1070986003030016,2.48,-0.293443138708338,
LV,2021-03,0.2063054481621806,2.48,1.359959233909036,3.43
LV,2021-04,0.6553854203190879,2.48,-1.7073975062159352,3.57
LV,2021-05,1.2090409962697055,2.43,-4.1287451091093,2.6
LV,2021-06,1.667368516018164,2.46,-5.800340388974545,3.04
LV,2021-07,4.299511511882459,2.49,-5.285028482701836,2.71
LV,2021-08,4.502283710324817,2.49,-4.987185339871125,2.25
LV,2021-09,4.648188862554825,2.48,-5.086942692408403,
LV,2021-10,4.993711285700808,2.43,-2.234579049217511,2.48
LV,2021-11,5.19616267361851,2.43,-3.6980191859206313,2.78
LV,2021-12,6.374517981891903,2.34,-1.1266009367955854,2.87
LV,2022-01,6.562017952686761,2.42,-2.465194607648802,3.08
LV,2022-02,6.948738669466303,2.37,-2.2603921117563264,2.88
LV,2022-03,7.264647980190397,2.41,-5.556548358071078,
LV,2022-04,7.340366127411335,2.36,-2.991915446656934,2.34
LV,2022-05,7.706575986056108,2.42,-1.3122949760261515,
LV,2022-06,7.889956511479612,2.48,2.3507657291546247,3.29
LV,2022-07,5.459456643669314,2.63,4.161236112921052,2.91
LV,2022-08,5.255257935907487,2.89,8.067167105290384,3.22
LV,2022-09,5.229358441230936,3.34,7.373104135822217,
LV,2022-10,4.913346211537428,3.66,8.260932523729947,
LV,2022-11,4.726265729160284,3.99,10.526541537861457,4.02
LV,2022-12,3.810709505731236,4.32,8.78259194230624,5.23
LV,2023-01,3.664969045443245,4.62,7.332351573026541,4.67
LV,2023-02,3.3360237021650807,4.95,7.032192581816066,
LV,2023-03,3.0628370709229857,5.06,8.294099398535359,5.38
LV,2023-04,2.925000230497488,5.32,7.411972447799808,5.64
LV,2023-05,2.5437780445346725,5.45,6.9151982303628845,5.78
LV,2023-06,2.5672359228583463,5.56,2.738325335458147,
LV,2023-07,2.648910713954189,5.67,1.5617055083720466,6.48
LV,2023-08,2.9672346398577965,5.8,-1.5399503586450924,
LV,2023-09,2.82678679563182,5.87,-0.6006480033414086,6.13
LV,2023-10,3.0642809137224614,5.94,-3.684387470000416,6.78
LV,2023-11,3.1537319499469696,5.93,-3.933221786039432,
LV,2023-12,2.8565960171156317,5.84,-0.9929367074584472,
LV,2024-01,2.912159909661427,5.82,0.1361128383705168,6.87
LV,2024-02,3.345487147857562,5.81,1.1071748480692811,6.35
LV,2024-03,3.491656748628169,5.83,0.2475064345597077,6.79
LV,2024-04,3.798889785370463,5.77,1.2584656240632652,6.66
LV,2024-05,4.233395492127223,5.67,1.4147662741236466,6.69
LV,2024-06,4.273053658080017,5.56,4.89020690552886,
LV,2024-07,4.603158393063311,5.61,4.036648545444099,6.36
LV,2024-08,4.943060905292551,5.36,3.592981025344133,
LV,2024-09,5.203531016861529,5.17,4.174608651198386,
LV,2024-10,5.444364740718921,4.96,5.936540187234951,6.3
LV,2024-11,5.854723110095028,4.73,5.924203516633786,
LV,2024-12,6.137393351225295,4.57,6.646988652237784,5.24
LV,2025-01,6.591873092661471,4.67,7.505313985758333,6.05
LV,2025-02,6.673730835085556,4.59,7.292111281431457,5.36
LV,2025-03,7.196275034220334,4.46,8.437319113349329,
LV,2025-04,7.645814019910158,4.31,8.007915018007994,5.35
LV,2025-05,7.678674320968115,4.19,8.613401272910481,
LV,2025-06,7.955645021000812,4.07,9.306046741745334,4.59
LV,2025-07,8.498286019546232,3.96,13.624984956997466,
LV,2025-08,8.77582570776012,3.95,15.354793146918432,
LV,2025-09,9.399366240946884,3.9,13.25838557720871,
LV,2025-10,9.670661478855202,3.88,12.633790557683188,
LV,2025-11,9.673879411955944,3.83,12.717875458369242,
LV,2025-12,9.855504792208912,3.81,14.603244586700123,
LV,2026-01,10.03472484412291,3.89,12.503798321807167,
LV,2026-02,10.172717235755036,3.97,13.141765965781849,4.73
LV,2026-03,10.37887547815901,4.05,13.567586997212654,4.82
LV,2026-04,10.490528744926152,4.15,14.67729591578486,
LV,2026-05,10.59633136368412,4.24,14.50284846716212,4.79
LV,2026-06,10.761481724105805,4.28,14.603405328599074,
LV,2026-07,10.739577919696972,4.34,11.052579971116971,
LV,2026-08,10.635072775618838,4.35,10.34583007146841,5.79
MT,2019-01,7.5893502027513104,2.6,0.6851750779314436,3.75
MT,2019-02,8.363208994789817,2.66,1.443985863777586,3.75
MT,2019-03,8.415518996960337,2.62,0.1467061299020633,3.67
MT,2019-04,8.751358206509652,2.68,-0.0841145657125341,3.59
MT,2019-05,8.644534944881954,2.72,-0.7604378192594297,3.83
MT,2019-06,8.589769139902259,2.69,-0.8032247278902949,4.21
MT,2019-07,8.381129074849781,2.72,-3.7110581578142288,3.77
MT,2019-08,8.774079026010707,2.6,-4.971819165931368,3.74
MT,2019-09,8.41634619460645,2.66,-4.193162076366752,3.75
MT,2019-10,8.893471408658527,2.66,-1.333934427022354,3.43
MT,2019-11,8.407560282454307,2.57,-0.2287751684869832,
MT,2019-12,8.703429629614456,2.57,1.950653202081165,3.86
MT,2020-01,8.86595986021086,2.79,2.909644002575096,4.04
MT,2020-02,8.57207071265278,2.6,1.397102103335368,
MT,2020-03,7.9721283205519855,2.69,0.0535733244210412,
MT,2020-04,7.0495736817761,2.65,0.2443608685719356,3.46
MT,2020-05,6.255201812742839,2.66,1.512047811948869,
MT,2020-06,6.167077589022041,2.35,1.8607353616969744,2.97
MT,2020-07,6.282837583046552,2.2,2.460479682291594,3.46
MT,2020-08,5.8678775518252735,2.21,4.359314652183599,3.21
MT,2020-09,5.850474787568349,2.46,3.515512442035207,3.0
MT,2020-10,5.335087847816178,2.17,3.4365664448649413,
MT,2020-11,5.880776275424204,2.33,3.5891588493127458,4.52
MT,2020-12,5.835474723035827,2.13,2.7154644710841502,4.0
MT,2021-01,5.510101370231202,1.87,0.2576094912765336,4.52
MT,2021-02,5.601581802462952,1.87,0.0342815605643531,
MT,2021-03,6.022562376442342,2.12,3.2855247745184,3.72
MT,2021-04,7.268209422129135,1.93,2.797398113990046,4.19
MT,2021-05,8.561490110989833,2.06,1.497118906032191,3.79
MT,2021-06,9.2860972661607,2.02,-2.0595096484081754,
MT,2021-07,9.510345344231164,1.95,-3.641968075135038,4.12
MT,2021-08,9.721420155988625,1.94,-3.791448684837273,
MT,2021-09,9.8386148687704,1.96,-4.005807523894555,4.9
MT,2021-10,10.161558904211264,1.83,-5.459156372150453,4.27
MT,2021-11,9.914553778317202,1.97,-5.330415195416983,4.05
MT,2021-12,9.69234922070521,1.92,-6.355129671334037,3.51
MT,2022-01,9.77037280946831,1.58,-4.67724765923564,3.46
MT,2022-02,9.806814084842298,1.8,-3.2924850346305767,3.99
MT,2022-03,9.659344423707504,1.9,-5.022369278942518,4.3
MT,2022-04,9.718852179547245,1.88,-3.467515110689101,4.77
MT,2022-05,9.630832840144832,2.0,-3.5412156390869254,4.04
MT,2022-06,9.125177594626807,2.13,1.170052737298466,3.02
MT,2022-07,8.904098547827166,1.95,2.2766812718576945,
MT,2022-08,9.278923110011394,2.07,2.402775122849121,3.32
MT,2022-09,9.445926221238745,1.98,2.9712722956689364,
MT,2022-10,9.428830673019828,2.23,3.710088259547062,3.97
MT,2022-11,9.453277271444582,2.32,3.181306945709461,4.42
MT,2022-12,9.51831618806338,2.31,6.190823327844219,
MT,2023-01,9.24631568738592,2.3,5.566074894009798,4.62
MT,2023-02,8.950418772401147,2.37,5.596192909976239,5.2
MT,2023-03,8.922039207426113,2.14,7.235216741761619,5.52
MT,2023-04,8.574079307236481,2.28,5.997671743725075,4.94
MT,2023-05,8.446402206784542,2.09,8.127406706777673,
MT,2023-06,8.419495447406234,2.27,7.586530922529722,
MT,2023-07,8.535242852918934,2.18,6.868528790358042,
MT,2023-08,8.01328734113178,2.08,9.087791866869877,
MT,2023-09,7.785217360733143,2.11,9.97230188338214,4.56
MT,2023-10,7.892027803660029,2.17,10.418142306655852,5.67
MT,2023-11,8.064238396325685,2.09,10.140891862515788,5.15
MT,2023-12,8.440398255025027,2.22,11.083604773631883,4.89
MT,2024-01,8.627437607643795,2.16,10.766496564106308,
MT,2024-02,9.099865481712175,2.09,9.15186522320468,4.26
MT,2024-03,9.144082784413676,2.12,8.082286281441252,5.16
MT,2024-04,9.207301789171328,2.06,8.77476604199896,
MT,2024-05,9.241286547440652,2.09,9.440487314702285,5.58
MT,2024-06,9.149668639727684,2.1,8.387592051424475,5.02
MT,2024-07,9.337441629918963,2.18,7.878142589466397,5.01
MT,2024-08,9.478645618092663,2.0,5.305272582705234,
MT,2024-09,9.5995511601898,2.01,5.457673964163878,
MT,2024-10,9.528733008281096,1.97,4.684834511926228,5.05
MT,2024-11,9.133657912229063,1.97,5.548644729769592,
MT,2024-12,9.072846840133408,1.96,2.677091018058153,
MT,2025-01,9.261913824960732,1.92,3.734082033761066,3.93
MT,2025-02,9.09221819548689,1.94,4.198161185649463,
MT,2025-03,9.105270026089496,1.98,4.67648714717277,5.11
MT,2025-04,9.227979962716384,1.93,4.232953977316178,4.61
MT,2025-05,9.16338261647478,1.93,2.11316999951483,4.69
MT,2025-06,9.235860665931783,1.9,3.405467870538148,5.01
MT,2025-07,9.207867827862492,1.9,5.012151425043254,4.56
MT,2025-08,9.138970567834814,1.96,5.227807904997506,4.42
MT,2025-09,9.14170659400806,1.98,4.045998186060351,4.32
MT,2025-10,9.237246154648629,2.08,5.195564127855445,4.64
MT,2025-11,9.736857294738076,2.1,5.400352913605899,4.89
MT,2025-12,9.54932508938604,2.0,8.19161439405538,4.83
MT,2026-01,9.714358593239435,1.99,7.931251440399478,4.47
MT,2026-02,9.803651635864764,2.06,8.88558233715786,
MT,2026-03,9.771773089912616,2.02,9.683072641735158,4.86
MT,2026-04,9.904508488146943,2.04,8.861497292921271,4.9
MT,2026-05,9.927862308116598,2.03,10.219409646109035,4.28
MT,2026-06,9.927056285272196,1.99,10.351899122649332,
MT,2026-07,9.961625631425598,1.94,9.778184786952115,
MT,2026-08,10.225003578732528,1.94,9.46805575382308,4.6
NL,2019-01,0.2410724338272052,2.41,-0.6725552305885341,1.6
NL,2019-02,0.2753125492864772,2.44,-0.8613743472128954,1.38
NL,2019-03,0.0632197973081893,2.43,-1.9969244082724933,1.38
NL,2019-04,0.0126674221832656,2.37,-1.3848109841829492,1.28
NL,2019-05,-0.0203399098600343,2.33,-1.66415045194519,1.48
NL,2019-06,0.071385433813953,2.3,-2.376584388971148,1.3
NL,2019-07,0.1306508299893982,2.25,-2.38691049043116,1.35
NL,2019-08,0.1783238935029851,2.21,-2.381895913804677,1.24
NL,2019-09,0.205149817361061,2.16,-2.219332804364005,1.37
NL,2019-10,0.0998905673166516,2.09,-2.2929401758615686,1.33
NL,2019-11,0.06065015991632,2.39,-1.6349361949557828,1.34
NL,2019-12,0.1668383437219978,2.0,-0.9830917637149827,1.64
NL,2020-01,0.1467560064069006,1.98,-0.2648975635613393,1.35
NL,2020-02,0.1242345064117911,1.92,-0.3050162836111814,1.4
NL,2020-03,0.1771356906380417,1.91,3.143937059451307,1.24
NL,2020-04,0.0666998373186178,1.87,3.166780924315238,1.42
NL,2020-05,-0.0075494658493435,1.88,3.2363881571923603,1.47
NL,2020-06,-0.2564597626832698,1.86,3.091513352825448,1.34
NL,2020-07,-0.4866193298186605,1.86,2.773110501533949,1.32
NL,2020-08,-0.6919975319977456,1.89,2.4856026470378545,1.42
NL,2020-09,-0.6778092560343896,1.88,1.4954763630383503,1.31
NL,2020-10,-0.6604422037448265,1.87,1.1572738232642266,1.71
NL,2020-11,-0.6480590613178405,1.85,1.181546013457635,1.53
NL,2020-12,-0.9591261917614168,1.84,1.5589968112542874,1.78
NL,2021-01,-0.9066878921155652,1.79,-0.008383812886592,1.65
NL,2021-02,-0.8248766976190591,1.76,0.4134673940217714,1.42
NL,2021-03,-0.6423585519793162,1.75,2.9707430591008777,0.68
NL,2021-04,-0.4146239097472914,1.71,1.4695890941366807,1.39
NL,2021-05,-0.282391634522261,1.7,1.8091607581609328,1.23
NL,2021-06,0.0642200578810037,1.68,0.5814350418240188,1.32
NL,2021-07,0.3177844079209846,1.67,1.584609315477303,1.33
NL,2021-08,0.4609186902975182,1.66,1.0312369451211278,1.08
NL,2021-09,0.5885439593136033,1.65,2.333375286222928,1.25
NL,2021-10,0.6778883046137718,1.65,3.452402028006896,1.11
NL,2021-11,0.7447011787508062,1.65,3.6948972920871848,1.14
NL,2021-12,1.2439469810286763,1.65,7.302042712335632,0.95
NL,2022-01,1.2979966968799994,1.67,7.778501558668438,1.24
NL,2022-02,1.356115595223062,1.67,6.599633798684468,1.05
NL,2022-03,1.6252093278208646,1.77,1.1760948163567877,1.43
NL,2022-04,1.7989962671967064,1.88,1.9666984241724528,1.44
NL,2022-05,1.991387132349476,2.03,2.519485099458852,1.52
NL,2022-06,2.0302599853937453,2.21,5.645873403746271,1.66
NL,2022-07,2.050575381054553,2.43,5.836743513785914,1.61
NL,2022-08,2.178278284586721,2.66,7.477483038116506,1.69
NL,2022-09,1.8192889390711064,2.85,7.124608098232699,2.01
NL,2022-10,1.7943943802165352,3.06,6.888267080075705,2.29
NL,2022-11,1.870207990442685,3.22,6.335554215604233,2.88
NL,2022-12,1.6217799004901725,3.38,2.359173968779426,3.18
NL,2023-01,1.9338958463184677,3.46,2.401902339737028,3.34
NL,2023-02,1.8543294172822744,3.52,2.9844700295279525,3.43
NL,2023-03,1.577160421937296,3.5,3.355328715571249,3.57
NL,2023-04,1.3455873750463088,3.62,3.883687646606182,3.81
NL,2023-05,1.1488569954604566,3.73,3.3359909389326203,3.67
NL,2023-06,0.9312158869978492,3.86,2.032766369319705,4.16
NL,2023-07,0.7901627203830142,3.89,1.175652608274791,4.43
NL,2023-08,0.7154399918350762,3.92,-0.1295041132678753,4.53
NL,2023-09,0.9873187643947512,3.98,-0.0744248315544204,4.38
NL,2023-10,0.9501934953962898,3.76,0.0252647865674582,4.62
NL,2023-11,0.9883790101353984,4.07,0.3948818384598818,4.46
NL,2023-12,1.01113298374802,4.08,0.7422781447515403,4.67
NL,2024-01,0.8145966387080428,4.01,0.5786578167822132,4.33
NL,2024-02,1.0031124140849057,3.88,1.1935513202263603,4.25
NL,2024-03,1.050403212734108,3.81,1.237185851965772,4.57
NL,2024-04,1.2059951458067486,3.88,1.5505940468342638,4.42
NL,2024-05,1.4825428972973675,3.83,1.998986190389096,4.25
NL,2024-06,1.73432884822462,3.86,2.435898127511371,4.55
NL,2024-07,1.9570791254259976,3.94,3.3564893082918434,4.6
NL,2024-08,2.2315675698843185,3.92,5.670176390155968,4.56
NL,2024-09,2.5196885773874467,3.89,6.015346909238928,4.34
NL,2024-10,2.786464269282129,3.77,6.3564074323401165,4.22
NL,2024-11,2.9844338428111072,3.75,6.986030823677503,4.3
NL,2024-12,3.3641196170634213,3.7,8.167121718803116,3.99
NL,2025-01,3.742648296022821,2.98,10.02518368162959,3.73
NL,2025-02,3.932600027218558,3.57,9.973705791558784,3.64
NL,2025-03,4.253239686207566,3.49,10.35684733241846,3.74
NL,2025-04,4.440903401407814,3.12,10.463284539559602,3.62
NL,2025-05,4.5817177408050025,3.53,10.00266546768287,3.43
NL,2025-06,4.770929375855948,3.59,10.686171915809672,3.29
NL,2025-07,4.979153611929976,3.5,9.924082401834845,3.48
NL,2025-08,5.04705514146393,3.49,8.22982086142654,3.4
NL,2025-09,5.202743582912062,3.48,7.606093152529181,3.32
NL,2025-10,5.423686708316189,3.49,7.304067149823035,3.28
NL,2025-11,5.402540798523425,3.47,6.884538000143081,3.21
NL,2025-12,5.738560634489143,3.51,7.031367107842179,3.42
NL,2026-01,5.5884443770464864,3.5,6.2449296382620645,3.49
NL,2026-02,5.72128255274158,3.54,6.004523334531631,3.59
NL,2026-03,5.72223988349414,3.47,5.61958572687784,3.37
NL,2026-04,5.72956689830233,3.63,5.826710594753548,3.39
NL,2026-05,5.638225148114495,3.66,7.214520201883023,3.6
NL,2026-06,5.599225494271831,3.71,6.5583744963696455,3.61
NL,2026-07,5.619596618761946,3.85,7.273923218932898,3.22
NL,2026-08,5.553802044024736,3.91,7.155807101739398,3.0
PT,2019-01,0.884933829451362,1.68,0.1564949053330266,2.23
PT,2019-02,0.9043804696166724,1.64,0.5295010957435675,2.43
PT,2019-03,0.8022171395900113,1.62,0.3193656111466714,2.36
PT,2019-04,0.7617591284104774,1.62,0.6861646731840532,2.34
PT,2019-05,0.8280351518598295,1.54,1.642770266257365,2.39
PT,2019-06,0.722538756384794,1.64,2.5256398370429256,2.09
PT,2019-07,0.7211867243976489,1.52,2.216329024200281,2.21
PT,2019-08,0.7079915047331964,1.4,2.106116811461756,2.09
PT,2019-09,0.8209956530613516,1.3,2.267216134629435,2.24
PT,2019-10,0.8987764609062809,1.34,2.675043892033236,2.31
PT,2019-11,1.10368486322876,1.25,2.2664484239075744,2.11
PT,2019-12,1.2143967179301551,1.22,0.9250136650992724,2.03
PT,2020-01,1.4334270633439727,1.24,0.9030325737853228,2.23
PT,2020-02,1.602993610764636,1.25,0.6286866543638414,2.15
PT,2020-03,1.292137998615872,1.17,2.331098642920715,2.08
PT,2020-04,1.1618145402871205,1.1,3.0318226885298394,2.16
PT,2020-05,1.173948467379038,1.21,4.946209629149068,1.44
PT,2020-06,1.1822100993172937,1.22,5.6590543764694745,1.87
PT,2020-07,1.305630785769596,1.18,7.276969806192968,1.94
PT,2020-08,1.4792698046753872,1.06,7.681134087806196,2.09
PT,2020-09,1.4399046241240443,1.08,8.05658008837986,1.84
PT,2020-10,1.564478596695018,0.97,7.934775261577109,2.13
PT,2020-11,1.663931549614328,0.88,8.140490303833259,2.01
PT,2020-12,1.565046046457952,0.83,9.496165942785996,2.01
PT,2021-01,1.53108673826865,0.85,9.622066965616517,1.78
PT,2021-02,1.4661414045684662,0.81,10.693286499951585,1.7
PT,2021-03,1.9812715700293195,0.84,9.607992185787497,1.97
PT,2021-04,2.483411857281892,0.83,9.6714966232601,2.0
PT,2021-05,2.764548703559777,0.83,7.566500349926519,1.89
PT,2021-06,2.99955354214414,0.83,6.461328557162172,2.09
PT,2021-07,3.208725713339988,0.82,5.964104619626842,1.91
PT,2021-08,3.278571320572987,0.81,5.433839113712069,2.11
PT,2021-09,3.505474500502181,0.81,5.448407625814822,2.09
PT,2021-10,3.586389034874582,0.84,5.195258937882707,2.14
PT,2021-11,3.643251343797216,0.86,4.984069548113101,2.03
PT,2021-12,3.7912866409760326,0.83,4.455575663189904,2.01
PT,2022-01,3.9711163980196575,0.83,4.735296898515862,1.82
PT,2022-02,4.214085399266976,0.88,3.8269813455677593,2.0
PT,2022-03,4.412013642750567,1.0,3.71259124239216,1.79
PT,2022-04,4.384461079717905,1.09,3.4043883337950387,1.85
PT,2022-05,4.399204964213732,1.29,2.960462126802099,1.99
PT,2022-06,4.495031351032175,1.44,3.056564576178533,2.09
PT,2022-07,4.428496093405299,1.82,1.8328293878840047,2.45
PT,2022-08,4.363429460166035,1.94,1.730000418873523,2.59
PT,2022-09,4.207433839665242,2.17,1.4262493125280162,2.93
PT,2022-10,4.001901780856731,2.74,1.2634878274563333,3.44
PT,2022-11,3.732245074692142,2.97,1.0455540123835982,3.87
PT,2022-12,3.4705662178814656,3.16,0.8586105447004666,4.41
PT,2023-01,3.0674325155007898,3.28,0.3890228520214478,4.41
PT,2023-02,2.531831231482684,3.49,-0.0298070436821507,4.62
PT,2023-03,2.023571892149012,3.78,-0.7035136759108274,5.0
PT,2023-04,1.6806681963705383,3.89,-1.2162384122810344,5.07
PT,2023-05,1.2628305496395154,4.06,-2.0855597311453145,5.34
PT,2023-06,0.7918165469141591,4.17,-2.3572390811051336,5.39
PT,2023-07,0.4542416031323659,4.26,-2.307350973422795,5.63
PT,2023-08,0.1438008205675967,4.4,-2.531912657840707,5.82
PT,2023-09,-0.1187622768737961,4.49,-2.5164425741653007,5.7
PT,2023-10,-0.2986934318033207,4.57,-3.0890710273827398,5.71
PT,2023-11,-0.3078150545440583,4.6,-3.1098929075049075,5.71
PT,2023-12,-0.370478941853436,4.58,-1.1825496854983797,5.66
PT,2024-01,-0.2814563399467396,4.43,-1.5924019168761294,5.58
PT,2024-02,0.0163893443458906,4.32,-0.9556849918288536,5.52
PT,2024-03,0.3351895469272392,4.22,-0.9683760521919548,5.61
PT,2024-04,0.5915163058621387,4.17,-1.109362764883537,5.62
PT,2024-05,0.9125549147702472,4.16,-0.8455226753154577,5.55
PT,2024-06,1.2738383990821278,4.05,-0.4383742647612654,5.35
PT,2024-07,1.544262905917937,4.0,0.3247357412381912,5.11
PT,2024-08,2.1013876423603195,3.86,0.0932780287683066,5.22
PT,2024-09,2.588923455303216,3.73,0.1937336626561148,4.97
PT,2024-10,3.14829592624708,3.62,0.8144522026149126,4.57
PT,2024-11,3.563249635200716,3.46,1.4696915417382606,4.46
PT,2024-12,4.126300286868756,3.31,0.6735018681211402,4.3
PT,2025-01,4.633945568969988,3.3,1.5155269233067648,4.24
PT,2025-02,5.146059922772839,3.23,1.4683862411430493,4.27
PT,2025-03,5.6853605628429005,3.15,1.6941656399774851,4.06
PT,2025-04,6.147886380469747,3.09,2.180035064247332,4.1
PT,2025-05,6.7201261385836375,2.99,3.155716313562773,3.75
PT,2025-06,7.27578999523899,2.92,3.9129247329891648,3.67
PT,2025-07,7.891592973130335,2.89,3.8368480606250976,3.65
PT,2025-08,8.071088473415312,2.88,4.370387162651324,3.54
PT,2025-09,8.471513779753902,2.86,4.57659140327058,3.61
PT,2025-10,8.848670062332742,2.85,4.647066718522708,3.67
PT,2025-11,9.208714019588603,2.82,4.554904662193504,3.68
PT,2025-12,9.365348538104424,2.85,3.791440911658017,3.65
PT,2026-01,9.658396992458584,2.84,3.983862609259603,3.71
PT,2026-02,9.655670986966337,2.83,4.39042890910748,3.71
PT,2026-03,9.88012882544107,2.81,5.998342973621873,3.53
PT,2026-04,10.035793796188974,2.87,6.175591495895128,3.78
PT,2026-05,10.077155523387615,2.91,5.515859708911819,3.92
PT,2026-06,10.10948830536098,2.96,5.74041532644014,4.09
PT,2026-07,10.223515074018309,2.99,6.112720812591554,4.04
PT,2026-08,10.428387011813587,3.03,5.656209095293519,4.16
SI,2019-01,6.797787364466879,2.45,1.8677329528956177,1.68
SI,2019-02,6.986680964362346,2.44,1.804394396979947,1.81
SI,2019-03,6.731816301364924,2.45,2.7852707695737555,1.82
SI,2019-04,6.901325220212007,2.45,2.35700168090458,1.93
SI,2019-05,6.632166951336727,2.46,2.133005343927663,1.99
SI,2019-06,6.308894053795511,2.43,4.125973848972042,1.61
SI,2019-07,6.429561764575609,2.4,2.96546210900106,1.92
SI,2019-08,6.366691128260626,2.36,4.350850397164829,1.9
SI,2019-09,6.189879362218886,2.31,4.321693048541775,1.69
SI,2019-10,6.532995787035101,2.28,3.838175505469077,1.87
SI,2019-11,6.4040749472980885,2.25,4.537487834130904,1.67
SI,2019-12,6.120207234730435,2.25,2.735261817728074,1.62
SI,2020-01,5.751576633764932,2.23,3.294496969180094,1.54
SI,2020-02,5.671642295439838,2.19,4.061712542174045,1.77
SI,2020-03,4.41300488248173,2.15,6.200166848138067,1.67
SI,2020-04,3.015031810509017,2.38,5.650108663789477,2.25
SI,2020-05,2.630560219047706,2.29,4.734148645365255,2.1
SI,2020-06,2.1413729824240724,2.17,0.9896898114895692,1.76
SI,2020-07,2.1986035602366893,2.1,1.115230665805944,2.02
SI,2020-08,1.9096013488600905,1.99,-0.8964958519462107,2.32
SI,2020-09,1.837118471859367,1.97,-1.360057342403731,2.03
SI,2020-10,1.183332109935864,1.93,-0.6434111797339326,1.84
SI,2020-11,0.8305173609097327,1.96,-1.072640423215121,1.95
SI,2020-12,0.6894927966256237,1.96,0.3242344842814271,1.96
SI,2021-01,0.1968901819925372,1.89,-0.1332887004263039,1.69
SI,2021-02,0.0916924575874222,1.87,-0.8278604136516043,1.86
SI,2021-03,1.3723070246388192,1.78,-1.6102860988874368,1.74
SI,2021-04,2.241776021421482,1.73,-1.900157605721886,1.89
SI,2021-05,2.8056233343735526,1.71,0.1949924929105062,2.09
SI,2021-06,3.3990202395324243,1.7,1.3946480605715683,1.47
SI,2021-07,3.5211624061808333,1.73,2.469147304725716,1.6
SI,2021-08,3.828332783222877,1.69,2.2683675879179743,1.66
SI,2021-09,3.9533729154396458,1.69,2.6366221741576767,1.83
SI,2021-10,4.194830434479635,1.66,6.41523082278388,1.82
SI,2021-11,4.836383380338072,1.66,5.659661965822682,1.54
SI,2021-12,5.270496406239666,1.68,7.177538725748489,1.52
SI,2022-01,6.084726500112336,1.63,7.892271872653533,1.6
SI,2022-02,6.486599830127804,1.67,9.199995951862562,2.38
SI,2022-03,6.919702659687377,1.68,8.733498414627539,1.5
SI,2022-04,7.447208148191464,1.71,12.004338661731897,1.24
SI,2022-05,7.687165775812521,1.78,12.03524737152497,1.74
SI,2022-06,8.048298510845786,1.94,12.976948794832378,1.66
SI,2022-07,8.14769253810963,2.17,15.17433591691615,1.94
SI,2022-08,8.39046776405501,2.44,17.754828300499014,1.95
SI,2022-09,8.417286755259411,2.72,16.647466722568517,2.64
SI,2022-10,8.200987392963487,3.08,13.929336878393883,3.02
SI,2022-11,7.944302787369617,3.39,15.422867211529944,3.26
SI,2022-12,7.677650374638056,3.66,12.381408771092396,3.85
SI,2023-01,7.491269861959604,3.89,11.74990165529064,4.33
SI,2023-02,6.859335617823081,4.05,7.668725928445852,4.14
SI,2023-03,6.19650668927676,4.09,5.366482000546879,4.43
SI,2023-04,5.57614782310718,4.07,5.876794667904539,4.78
SI,2023-05,4.981677169530929,4.12,4.659606209344402,5.15
SI,2023-06,4.166669457463357,4.12,4.215056370459114,5.08
SI,2023-07,3.927056144897501,4.16,1.3761337477918634,5.04
SI,2023-08,3.492252322444789,4.13,-0.8874993996747516,4.94
SI,2023-09,3.376483073491343,4.1,-1.2321685583835729,5.23
SI,2023-10,3.4528376968946395,4.06,-2.458821065992633,5.69
SI,2023-11,3.677529442877492,4.07,-3.984789423445811,5.32
SI,2023-12,3.6786679310585546,4.05,-4.72935280909661,5.47
SI,2024-01,3.833810497893997,3.98,-6.5853570759835005,5.28
SI,2024-02,4.374837888644279,3.92,-4.637230726610452,5.56
SI,2024-03,4.445826628909888,3.86,-3.29069529938677,5.1
SI,2024-04,5.08438986109212,3.83,-4.788302941802536,5.4
SI,2024-05,5.394371682916521,3.75,-4.4816400917234045,5.48
SI,2024-06,5.771846296519168,3.73,-3.7656035493850326,5.31
SI,2024-07,5.887444330908886,3.65,-3.938792567240124,4.8
SI,2024-08,6.047058597801858,3.53,-3.443457421156959,4.87
SI,2024-09,6.081466994041684,3.46,-2.858923695174076,5.09
SI,2024-10,6.17694008714742,3.37,-3.3351461146876704,4.75
SI,2024-11,6.213545937408105,3.27,-2.218496186939134,4.51
SI,2024-12,6.375413924299012,3.2,-0.7513908306934436,4.26
SI,2025-01,6.415489079996539,3.13,1.239125759473092,4.1
SI,2025-02,6.384548521105637,3.05,3.150960248741552,4.61
SI,2025-03,6.613803118326689,3.0,2.808572810153076,4.14
SI,2025-04,6.620108769316202,2.93,2.014063518093412,4.46
SI,2025-05,6.6014818759245975,2.92,2.828142779185816,3.7
SI,2025-06,6.966570726128074,2.86,1.7921482443869374,3.28
SI,2025-07,7.160658137924303,2.86,3.015619576926043,3.72
SI,2025-08,7.253111620462516,2.81,4.234802588296471,3.92
SI,2025-09,7.523690595865351,2.83,3.609684505803412,3.97
SI,2025-10,7.673859707730823,2.81,5.102576198016284,3.65
SI,2025-11,7.750884634933275,2.84,5.143001458917706,3.26
SI,2025-12,7.664313449908833,2.86,7.464724016629298,3.71
SI,2026-01,7.865020179231186,2.88,8.102755732406287,3.9
SI,2026-02,7.970798396063605,2.91,7.442477347583698,3.95
SI,2026-03,8.216948378983524,2.94,7.172974106775887,3.4
SI,2026-04,8.476664862359806,3.0,9.149104263775886,3.68
SI,2026-05,8.611317016287657,3.06,8.999945860051506,4.08
SI,2026-06,8.584229595755687,3.15,8.892585404684672,3.89
SI,2026-07,8.433404237555298,3.2,7.581159266243809,4.06
SI,2026-08,8.419360479578586,3.22,6.998066347393617,4.44
SK,2019-01,10.421547551736964,1.47,7.9728926321830595,1.87
SK,2019-02,10.22401389882086,1.48,8.093171688406976,1.68
SK,2019-03,10.104617726771847,1.48,8.268713939625293,1.99
SK,2019-04,9.89132986934118,1.49,6.532181899503176,2.15
SK,2019-05,9.543390100942805,1.49,6.689354401300807,2.05
SK,2019-06,9.02615081415046,1.48,5.210117773643996,2.01
SK,2019-07,8.886740483611888,1.42,4.324329080144862,2.15
SK,2019-08,8.587615266219117,1.35,5.055158991981967,1.84
SK,2019-09,8.602955875161156,1.32,7.140620762586702,1.88
SK,2019-10,8.429174792541394,1.28,4.54663030232465,1.75
SK,2019-11,8.329860182383397,1.14,4.776469188394783,1.96
SK,2019-12,8.499740781939625,1.1,4.407574941390346,2.17
SK,2020-01,8.65817557890287,1.09,3.0743660093316194,2.34
SK,2020-02,8.739791886184012,1.08,3.878165436237513,1.83
SK,2020-03,8.483306260558287,1.1,4.538573641063803,1.91
SK,2020-04,8.020277413734501,1.17,5.034473320870325,1.85
SK,2020-05,7.55583920892815,1.18,5.056501349300091,1.75
SK,2020-06,7.524562614164387,1.16,5.188901063266882,2.12
SK,2020-07,7.276914857081573,1.18,6.193883518377774,2.31
SK,2020-08,7.123941596116645,1.18,5.7045122485707145,2.04
SK,2020-09,7.020074355522832,1.16,3.868858048963841,2.0
SK,2020-10,6.960270543965197,1.11,5.617604489336903,1.66
SK,2020-11,6.846521725065391,1.05,5.502552199084465,1.64
SK,2020-12,6.678720242684877,1.02,5.143494383795244,1.72
SK,2021-01,6.195872299942851,1.03,6.019754079782169,1.95
SK,2021-02,6.051516190565587,1.02,4.895622208974282,2.0
SK,2021-03,6.325585536535039,1.0,7.092841985917553,1.96
SK,2021-04,6.787615033772032,1.02,3.317998778713771,2.46
SK,2021-05,7.297757978554409,1.0,3.649847648424509,1.89
SK,2021-06,7.676297858425474,0.98,4.4885515566272405,1.89
SK,2021-07,7.8456736337148225,0.97,4.822316070001409,1.88
SK,2021-08,8.222266402388279,0.97,5.093559779724632,1.84
SK,2021-09,8.423003202538993,0.94,5.657693181526358,2.0
SK,2021-10,8.55675184129292,0.97,5.254275551693199,2.06
SK,2021-11,8.781845216575256,0.93,5.7291708276207,1.87
SK,2021-12,9.154706817507208,0.93,7.812148165711119,1.71
SK,2022-01,9.427259832490863,1.0,7.431553370121158,2.33
SK,2022-02,9.728071791411574,1.03,8.015148668064942,1.98
SK,2022-03,10.265703039031916,1.1,5.925287085574404,1.78
SK,2022-04,10.458429544725378,1.34,10.005328460711135,2.16
SK,2022-05,10.863711122286968,1.63,11.549796751458086,2.3
SK,2022-06,11.03916981364339,1.83,11.713387120963215,2.38
SK,2022-07,11.10179199274488,2.15,11.42682419224812,2.37
SK,2022-08,11.126785186737752,2.44,11.27784801678402,2.5
SK,2022-09,10.752261655633566,2.53,13.532920555951456,2.2
SK,2022-10,10.69348303811404,2.83,12.425486471395498,2.82
SK,2022-11,10.513625670192518,2.96,9.771967350255403,3.57
SK,2022-12,10.008839370254671,3.07,10.181138516409604,3.81
SK,2023-01,9.80033224818795,3.22,10.344411506388184,4.22
SK,2023-02,9.418974792747717,3.42,10.47483598774901,4.25
SK,2023-03,8.628840976170915,3.67,9.074203882716336,4.33
SK,2023-04,7.99343297245112,3.68,9.733183782812691,4.96
SK,2023-05,7.230508166459915,3.78,7.162516883214254,4.9
SK,2023-06,6.500866033382935,3.92,6.544512710051609,5.73
SK,2023-07,5.902897081858338,3.91,5.04414970993432,5.28
SK,2023-08,5.305866062562292,3.94,4.715800434429807,6.21
SK,2023-09,5.028790012686746,3.92,3.2006241370319044,5.77
SK,2023-10,4.502676467737055,4.01,3.5187969900619454,6.28
SK,2023-11,4.170980648167588,4.05,4.69980367407381,6.04
SK,2023-12,3.8289374689568954,4.0,1.878289171399472,5.85
SK,2024-01,3.733390131366932,3.96,1.6774680157965791,6.15
SK,2024-02,3.625821691076214,4.09,1.5281048503554606,6.32
SK,2024-03,3.2422417329409425,4.15,1.1132639734448668,6.34
SK,2024-04,3.2679497891624054,4.12,-0.7695302945795568,6.29
SK,2024-05,3.128217502800412,4.19,-0.7409664137463357,5.47
SK,2024-06,2.944545731825232,4.22,-0.5264410517896279,5.83
SK,2024-07,3.067979119628728,4.2,-1.0982548147516424,5.71
SK,2024-08,3.0685918809736146,4.19,-1.214824478930343,5.52
SK,2024-09,3.2970036828934512,4.14,-2.1002929271992765,5.19
SK,2024-10,3.4888947215407478,4.09,-1.018809196499837,5.35
SK,2024-11,3.611968823420475,4.02,-1.3661432261677264,5.18
SK,2024-12,4.043483071184162,3.93,-0.4555303849578029,4.78
SK,2025-01,3.884000989540892,3.87,2.291655369837642,5.29
SK,2025-02,4.013586048327733,3.85,2.4560659320193245,4.79
SK,2025-03,4.394979345934691,3.82,3.7915668181189632,4.45
SK,2025-04,4.681728961544818,3.75,4.33535683508901,4.48
SK,2025-05,5.007816470799731,3.67,4.961481289383363,4.47
SK,2025-06,5.5056713695076365,3.65,5.3012692129531525,4.13
SK,2025-07,5.954390171128554,3.6,6.287929286763494,3.89
SK,2025-08,6.2474498724743865,3.58,6.43480275203312,4.15
SK,2025-09,6.604839552207276,3.54,6.459883228571517,4.13
SK,2025-10,6.923234094062636,3.47,5.762782061497052,4.06
SK,2025-11,7.024658301534781,3.42,5.276675496686867,4.22
SK,2025-12,7.099490535905439,3.41,6.012961479177137,4.17
SK,2026-01,7.5694183785055325,3.39,2.96043499896681,3.84
SK,2026-02,7.7191239592637295,3.38,2.315445008914896,4.28
SK,2026-03,8.009452663168037,3.37,2.1448426395575426,4.21
SK,2026-04,8.172749851283733,3.46,3.1243489682275527,4.28
SK,2026-05,8.241726456665255,3.58,3.07338905743606,4.19
SK,2026-06,8.368371194076051,3.66,2.136525085462715,4.42
SK,2026-07,8.4077203992581,3.7,2.5308682460238874,4.56
SK,2026-08,8.463781031534268,3.73,3.3608297867889547,4.6
